"Name","test_score","fold","multimodal_state","model","Created","dataset","Runtime","Hostname","State","pca_components"
"agmm_MUL_IMAGE_HUBMAP_HPA_2","0.99588704794281","2","all","AutoGluon-MM 🧴","2026-04-13T21:10:42.000Z","MUL_IMAGE_HUBMAP_HPA","3239","nlp-srv2.iem.technion.ac.il","finished","30"
"agmm_MUL_IMAGE_HUBMAP_HPA_4","0.9956326332746672","4","all","AutoGluon-MM 🧴","2026-04-13T21:34:18.000Z","MUL_IMAGE_HUBMAP_HPA","3201","nlp-srv2.iem.technion.ac.il","finished","30"
"agmm_MUL_IMAGE_HUBMAP_HPA_3","0.9955253716499172","3","all","AutoGluon-MM 🧴","2026-04-13T21:34:11.000Z","MUL_IMAGE_HUBMAP_HPA","3729","nlp19.iem.technion.ac.il","finished","30"
"agmm_MUL_IMAGE_HUBMAP_HPA_0","0.9953465059158876","0","all","AutoGluon-MM 🧴","2026-04-13T21:07:40.000Z","MUL_IMAGE_HUBMAP_HPA","3219","nlp-srv2.iem.technion.ac.il","finished","30"
"agmm_MUL_IMAGE_ZOOSCAN_ZOOPLANKTON_0","0.9952891918765896","0","all","AutoGluon-MM 🧴","2026-04-13T23:16:43.000Z","MUL_IMAGE_ZOOSCAN_ZOOPLANKTON","2665","nlp19.iem.technion.ac.il","finished","30"
"agmm_MUL_IMAGE_HUBMAP_HPA_1","0.994961867557718","1","all","AutoGluon-MM 🧴","2026-04-13T21:10:32.000Z","MUL_IMAGE_HUBMAP_HPA","3215","nlp-srv2.iem.technion.ac.il","finished","30"
"agmm_MUL_IMAGE_ZOOSCAN_ZOOPLANKTON_2","0.994164196695512","2","all","AutoGluon-MM 🧴","2026-04-13T23:38:03.000Z","MUL_IMAGE_ZOOSCAN_ZOOPLANKTON","2141","nlp-srv2.iem.technion.ac.il","finished","30"
"agmm_MUL_IMAGE_ZOOSCAN_ZOOPLANKTON_1","0.9921766987613588","1","all","AutoGluon-MM 🧴","2026-04-13T23:35:52.000Z","MUL_IMAGE_ZOOSCAN_ZOOPLANKTON","2099","nlp-srv2.iem.technion.ac.il","finished","30"
"agmm_MUL_IMAGE_ZOOSCAN_ZOOPLANKTON_4","0.991951263075693","4","all","AutoGluon-MM 🧴","2026-04-13T23:55:43.000Z","MUL_IMAGE_ZOOSCAN_ZOOPLANKTON","2116","nlp-srv2.iem.technion.ac.il","finished","30"
"agmm_MUL_IMAGE_ZOOSCAN_ZOOPLANKTON_3","0.990693988581023","3","all","AutoGluon-MM 🧴","2026-04-13T23:45:59.000Z","MUL_IMAGE_ZOOSCAN_ZOOPLANKTON","2116","nlp-srv2.iem.technion.ac.il","finished","30"
"agmm_MUL_TEXT_US_ACCIDENTS_4","0.9845859243591704","4","all","AutoGluon-MM 🧴","2026-04-14T04:54:13.000Z","MUL_TEXT_US_ACCIDENTS","901","nlp-srv2.iem.technion.ac.il","finished","30"
"agmm_MUL_TEXT_WINE_REVIEW_2","0.98429587722768","2","all","AutoGluon-MM 🧴","2026-04-14T05:03:07.000Z","MUL_TEXT_WINE_REVIEW","989","nlp-srv2.iem.technion.ac.il","finished","30"
"agmm_REG_TEXT_MONTGOMERY_SALARIES_0","0.9829324142881776","0","all","AutoGluon-MM 🧴","2026-04-14T06:05:39.000Z","REG_TEXT_MONTGOMERY_SALARIES","748","nlp19.iem.technion.ac.il","finished","30"
"agmm_MUL_TEXT_WINE_REVIEW_4","0.982821357935618","4","all","AutoGluon-MM 🧴","2026-04-14T05:05:41.000Z","MUL_TEXT_WINE_REVIEW","1307","nlp-srv2.iem.technion.ac.il","finished","30"
"agmm_MUL_TEXT_WINE_REVIEW_1","0.9820312045993408","1","all","AutoGluon-MM 🧴","2026-04-14T04:56:56.000Z","MUL_TEXT_WINE_REVIEW","459","nlp19.iem.technion.ac.il","finished","30"
"agmm_MUL_TEXT_WINE_REVIEW_0","0.9801503061852964","0","all","AutoGluon-MM 🧴","2026-04-14T04:54:18.000Z","MUL_TEXT_WINE_REVIEW","1258","nlp-srv2.iem.technion.ac.il","finished","30"
"agmm_MUL_TEXT_US_ACCIDENTS_2","0.9793337342492948","2","all","AutoGluon-MM 🧴","2026-04-14T04:48:48.000Z","MUL_TEXT_US_ACCIDENTS","481","nlp19.iem.technion.ac.il","finished","30"
"agmm_MUL_TEXT_WINE_REVIEW_3","0.9788212602151464","3","all","AutoGluon-MM 🧴","2026-04-14T05:04:38.000Z","MUL_TEXT_WINE_REVIEW","594","nlp19.iem.technion.ac.il","finished","30"
"agmm_REG_TEXT_MONTGOMERY_SALARIES_3","0.9785556182983868","3","all","AutoGluon-MM 🧴","2026-04-14T06:15:55.000Z","REG_TEXT_MONTGOMERY_SALARIES","1285","nlp-srv2.iem.technion.ac.il","finished","30"
"agmm_MUL_IMAGE_JUSTIN_INSTAGRAM_4","0.97763436959964","4","all","AutoGluon-MM 🧴","2026-04-13T22:27:56.000Z","MUL_IMAGE_JUSTIN_INSTAGRAM","2486","nlp-srv2.iem.technion.ac.il","finished","30"
"agmm_MUL_TEXT_US_ACCIDENTS_1","0.9750191915357412","1","all","AutoGluon-MM 🧴","2026-04-14T04:46:29.000Z","MUL_TEXT_US_ACCIDENTS","996","nlp-srv2.iem.technion.ac.il","finished","30"
"agmm_MUL_TEXT_US_ACCIDENTS_0","0.974672158288704","0","all","AutoGluon-MM 🧴","2026-04-14T04:42:19.000Z","MUL_TEXT_US_ACCIDENTS","385","nlp19.iem.technion.ac.il","finished","30"
"agmm_MUL_IMAGE_JUSTIN_INSTAGRAM_2","0.9742770909544486","2","all","AutoGluon-MM 🧴","2026-04-13T22:04:47.000Z","MUL_IMAGE_JUSTIN_INSTAGRAM","2503","nlp-srv2.iem.technion.ac.il","finished","30"
"agmm_MUL_IMAGE_JUSTIN_INSTAGRAM_3","0.9736388001818946","3","all","AutoGluon-MM 🧴","2026-04-13T22:27:43.000Z","MUL_IMAGE_JUSTIN_INSTAGRAM","2499","nlp-srv2.iem.technion.ac.il","finished","30"
"agmm_REG_TEXT_MONTGOMERY_SALARIES_2","0.9734464392024976","2","all","AutoGluon-MM 🧴","2026-04-14T06:13:38.000Z","REG_TEXT_MONTGOMERY_SALARIES","1337","nlp-srv2.iem.technion.ac.il","finished","30"
"agmm_MUL_IMAGE_JUSTIN_INSTAGRAM_1","0.9699121101193476","1","all","AutoGluon-MM 🧴","2026-04-13T22:04:14.000Z","MUL_IMAGE_JUSTIN_INSTAGRAM","1416","nlp-srv2.iem.technion.ac.il","finished","30"
"agmm_MUL_IMAGE_JUSTIN_INSTAGRAM_0","0.9657431642212476","0","all","AutoGluon-MM 🧴","2026-04-13T22:01:22.000Z","MUL_IMAGE_JUSTIN_INSTAGRAM","2512","nlp-srv2.iem.technion.ac.il","finished","30"
"agmm_MUL_TEXT_US_ACCIDENTS_3","0.9649871417472756","3","all","AutoGluon-MM 🧴","2026-04-14T04:49:45.000Z","MUL_TEXT_US_ACCIDENTS","951","nlp-srv2.iem.technion.ac.il","finished","30"
"agmm_REG_TEXT_MONTGOMERY_SALARIES_4","0.9642851483721072","4","all","AutoGluon-MM 🧴","2026-04-14T06:18:11.000Z","REG_TEXT_MONTGOMERY_SALARIES","753","nlp19.iem.technion.ac.il","finished","30"
"agmm_BIN_TEXT_JIGSAW_TOXICITY_4","0.9639942212678294","4","all","AutoGluon-MM 🧴","2026-04-14T03:46:53.000Z","BIN_TEXT_JIGSAW_TOXICITY","891","nlp-srv2.iem.technion.ac.il","finished","30"
"agmm_MUL_IMAGE_GLAUCOMA_SMDG_3","0.9608428336529748","3","all","AutoGluon-MM 🧴","2026-04-13T20:42:33.000Z","MUL_IMAGE_GLAUCOMA_SMDG","1469","nlp-srv2.iem.technion.ac.il","finished","30"
"agmm_MUL_IMAGE_GLAUCOMA_SMDG_2","0.9569740899195712","2","all","AutoGluon-MM 🧴","2026-04-13T20:42:24.000Z","MUL_IMAGE_GLAUCOMA_SMDG","1509","nlp-srv2.iem.technion.ac.il","finished","30"
"agmm_MUL_IMAGE_GLAUCOMA_SMDG_1","0.9548223507617808","1","all","AutoGluon-MM 🧴","2026-04-13T20:41:57.000Z","MUL_IMAGE_GLAUCOMA_SMDG","1722","nlp-srv2.iem.technion.ac.il","finished","30"
"agmm_MUL_IMAGE_GLAUCOMA_SMDG_0","0.9542055180842434","0","all","AutoGluon-MM 🧴","2026-04-13T20:37:56.000Z","MUL_IMAGE_GLAUCOMA_SMDG","1949","nlp-srv2.iem.technion.ac.il","finished","30"
"agmm_BIN_TEXT_FAKE_JOB_POSTING_3","0.9529047227443608","3","all","AutoGluon-MM 🧴","2026-04-14T03:30:09.000Z","BIN_TEXT_FAKE_JOB_POSTING","996","nlp-srv2.iem.technion.ac.il","finished","30"
"agmm_REG_TEXT_MONTGOMERY_SALARIES_1","0.9526549018135804","1","all","AutoGluon-MM 🧴","2026-04-14T06:08:47.000Z","REG_TEXT_MONTGOMERY_SALARIES","1297","nlp-srv2.iem.technion.ac.il","finished","30"
"agmm_BIN_TEXT_FAKE_JOB_POSTING_0","0.9519795582706768","0","all","AutoGluon-MM 🧴","2026-04-14T03:25:10.000Z","BIN_TEXT_FAKE_JOB_POSTING","760","nlp-srv2.iem.technion.ac.il","finished","30"
"agmm_BIN_TEXT_JIGSAW_TOXICITY_3","0.9475003928141204","3","all","AutoGluon-MM 🧴","2026-04-14T03:41:46.000Z","BIN_TEXT_JIGSAW_TOXICITY","896","nlp-srv2.iem.technion.ac.il","finished","30"
"agmm_BIN_TEXT_FAKE_JOB_POSTING_1","0.9426912006578948","1","all","AutoGluon-MM 🧴","2026-04-14T03:29:02.000Z","BIN_TEXT_FAKE_JOB_POSTING","664","nlp19.iem.technion.ac.il","finished","30"
"agmm_BIN_TEXT_JIGSAW_TOXICITY_0","0.942681872937726","0","all","AutoGluon-MM 🧴","2026-04-14T03:37:58.000Z","BIN_TEXT_JIGSAW_TOXICITY","587","nlp-srv2.iem.technion.ac.il","finished","30"
"agmm_BIN_TEXT_JIGSAW_TOXICITY_2","0.942426543759493","2","all","AutoGluon-MM 🧴","2026-04-14T03:40:28.000Z","BIN_TEXT_JIGSAW_TOXICITY","953","nlp-srv2.iem.technion.ac.il","finished","30"
"agmm_BIN_TEXT_JIGSAW_TOXICITY_1","0.9396419281062868","1","all","AutoGluon-MM 🧴","2026-04-14T03:40:14.000Z","BIN_TEXT_JIGSAW_TOXICITY","423","nlp19.iem.technion.ac.il","finished","30"
"agmm_MUL_IMAGE_GLAUCOMA_SMDG_4","0.938508164476898","4","all","AutoGluon-MM 🧴","2026-04-13T21:07:08.000Z","MUL_IMAGE_GLAUCOMA_SMDG","1622","nlp-srv2.iem.technion.ac.il","finished","30"
"agmm_BIN_TEXT_FAKE_JOB_POSTING_4","0.938234257518797","4","all","AutoGluon-MM 🧴","2026-04-14T03:30:18.000Z","BIN_TEXT_FAKE_JOB_POSTING","683","nlp-srv2.iem.technion.ac.il","finished","30"
"agmm_BIN_TEXT_FAKE_JOB_POSTING_2","0.932874177631579","2","all","AutoGluon-MM 🧴","2026-04-14T03:29:47.000Z","BIN_TEXT_FAKE_JOB_POSTING","635","nlp-srv2.iem.technion.ac.il","finished","30"
"agmm_REG_TEXT_BABIES_PRICES_1","0.9313322356095448","1","all","AutoGluon-MM 🧴","2026-04-14T05:27:35.000Z","REG_TEXT_BABIES_PRICES","660","nlp-srv2.iem.technion.ac.il","finished","30"
"agmm_MUL_TEXT_MICHELIN_RESTAURANTS_2","0.9286247087990483","2","all","AutoGluon-MM 🧴","2026-04-14T04:14:23.000Z","MUL_TEXT_MICHELIN_RESTAURANTS","445","nlp19.iem.technion.ac.il","finished","30"
"agmm_MUL_TEXT_PRODUCT_SENTIMENT_1","0.926964018929084","1","all","AutoGluon-MM 🧴","2026-04-14T04:21:54.000Z","MUL_TEXT_PRODUCT_SENTIMENT","188","nlp19.iem.technion.ac.il","finished","30"
"agmm_MUL_TEXT_PRODUCT_SENTIMENT_2","0.926053459484701","2","all","AutoGluon-MM 🧴","2026-04-14T04:22:46.000Z","MUL_TEXT_PRODUCT_SENTIMENT","387","nlp-srv2.iem.technion.ac.il","finished","30"
"agmm_MUL_TEXT_SPOTIFY_GENRES_3","0.9231080406842196","3","all","AutoGluon-MM 🧴","2026-04-14T04:33:23.000Z","MUL_TEXT_SPOTIFY_GENRES","977","nlp-srv2.iem.technion.ac.il","finished","30"
"agmm_MUL_TEXT_SPOTIFY_GENRES_4","0.9214302241947804","4","all","AutoGluon-MM 🧴","2026-04-14T04:35:24.000Z","MUL_TEXT_SPOTIFY_GENRES","1128","nlp-srv2.iem.technion.ac.il","finished","30"
"agmm_MUL_TEXT_SPOTIFY_GENRES_2","0.9212401423300705","2","all","AutoGluon-MM 🧴","2026-04-14T04:30:25.000Z","MUL_TEXT_SPOTIFY_GENRES","706","nlp19.iem.technion.ac.il","finished","30"
"agmm_MUL_TEXT_MICHELIN_RESTAURANTS_4","0.9212368319359474","4","all","AutoGluon-MM 🧴","2026-04-14T04:20:52.000Z","MUL_TEXT_MICHELIN_RESTAURANTS","869","nlp-srv2.iem.technion.ac.il","finished","30"
"agmm_MUL_TEXT_PRODUCT_SENTIMENT_4","0.9212104111798866","4","all","AutoGluon-MM 🧴","2026-04-14T04:27:41.000Z","MUL_TEXT_PRODUCT_SENTIMENT","338","nlp-srv2.iem.technion.ac.il","finished","30"
"agmm_MUL_TEXT_PRODUCT_SENTIMENT_0","0.9208182103869018","0","all","AutoGluon-MM 🧴","2026-04-14T04:20:56.000Z","MUL_TEXT_PRODUCT_SENTIMENT","397","nlp-srv2.iem.technion.ac.il","finished","30"
"agmm_MUL_TEXT_MICHELIN_RESTAURANTS_0","0.9203529159053276","0","all","AutoGluon-MM 🧴","2026-04-14T04:07:58.000Z","MUL_TEXT_MICHELIN_RESTAURANTS","770","nlp-srv2.iem.technion.ac.il","finished","30"
"agmm_MUL_TEXT_SPOTIFY_GENRES_1","0.9199497063089228","1","all","AutoGluon-MM 🧴","2026-04-14T04:29:20.000Z","MUL_TEXT_SPOTIFY_GENRES","1026","nlp-srv2.iem.technion.ac.il","finished","30"
"agmm_MUL_TEXT_MICHELIN_RESTAURANTS_3","0.9182626507484446","3","all","AutoGluon-MM 🧴","2026-04-14T04:15:41.000Z","MUL_TEXT_MICHELIN_RESTAURANTS","799","nlp-srv2.iem.technion.ac.il","finished","30"
"agmm_MUL_TEXT_WOMEN_CLOTHING_REVIEW_2","0.9172351842454473","2","all","AutoGluon-MM 🧴","2026-04-14T05:15:24.000Z","MUL_TEXT_WOMEN_CLOTHING_REVIEW","903","nlp-srv2.iem.technion.ac.il","finished","30"
"agmm_MUL_TEXT_WOMEN_CLOTHING_REVIEW_0","0.916766311632726","0","all","AutoGluon-MM 🧴","2026-04-14T05:09:22.000Z","MUL_TEXT_WOMEN_CLOTHING_REVIEW","513","nlp-srv2.iem.technion.ac.il","finished","30"
"agmm_REG_TEXT_BABIES_PRICES_0","0.9156037913193974","0","all","AutoGluon-MM 🧴","2026-04-14T05:21:05.000Z","REG_TEXT_BABIES_PRICES","441","nlp19.iem.technion.ac.il","finished","30"
"agmm_MUL_TEXT_WOMEN_CLOTHING_REVIEW_1","0.9137995868934212","1","all","AutoGluon-MM 🧴","2026-04-14T05:14:36.000Z","MUL_TEXT_WOMEN_CLOTHING_REVIEW","382","nlp19.iem.technion.ac.il","finished","30"
"agmm_MUL_IMAGE_CBIS_DDSM_0","0.9131399971717508","0","all","AutoGluon-MM 🧴","2026-04-13T18:41:29.000Z","MUL_IMAGE_CBIS_DDSM","2927","nlp-srv2.iem.technion.ac.il","finished","30"
"agmm_MUL_TEXT_MICHELIN_RESTAURANTS_1","0.9127161739882214","1","all","AutoGluon-MM 🧴","2026-04-14T04:11:20.000Z","MUL_TEXT_MICHELIN_RESTAURANTS","568","nlp-srv2.iem.technion.ac.il","finished","30"
"agmm_BIN_IMAGE_CELEB_ATTRACTIVENESS_2","0.9120479733779168","2","all","AutoGluon-MM 🧴","2026-04-13T18:14:45.000Z","BIN_IMAGE_CELEB_ATTRACTIVENESS","776","nlp-srv2.iem.technion.ac.il","finished","30"
"agmm_MUL_TEXT_SPOTIFY_GENRES_0","0.912002798923651","0","all","AutoGluon-MM 🧴","2026-04-14T04:29:05.000Z","MUL_TEXT_SPOTIFY_GENRES","1499","nlp-srv2.iem.technion.ac.il","finished","30"
"agmm_REG_TEXT_BABIES_PRICES_3","0.9109245069803922","3","all","AutoGluon-MM 🧴","2026-04-14T05:30:28.000Z","REG_TEXT_BABIES_PRICES","814","nlp-srv2.iem.technion.ac.il","finished","30"
"agmm_MUL_TEXT_WOMEN_CLOTHING_REVIEW_3","0.9101046040879108","3","all","AutoGluon-MM 🧴","2026-04-14T05:18:02.000Z","MUL_TEXT_WOMEN_CLOTHING_REVIEW","739","nlp-srv2.iem.technion.ac.il","finished","30"
"agmm_BIN_IMAGE_CELEB_ATTRACTIVENESS_3","0.9096597099865829","3","all","AutoGluon-MM 🧴","2026-04-13T18:56:42.000Z","BIN_IMAGE_CELEB_ATTRACTIVENESS","1176","nlp-srv2.iem.technion.ac.il","finished","30"
"agmm_MUL_TEXT_WOMEN_CLOTHING_REVIEW_4","0.909003975659213","4","all","AutoGluon-MM 🧴","2026-04-14T05:19:40.000Z","MUL_TEXT_WOMEN_CLOTHING_REVIEW","771","nlp-srv2.iem.technion.ac.il","finished","30"
"agmm_BIN_IMAGE_CELEB_ATTRACTIVENESS_4","0.908475083319076","4","all","AutoGluon-MM 🧴","2026-04-13T17:41:50.000Z","BIN_IMAGE_CELEB_ATTRACTIVENESS","1357","nlp-srv2.iem.technion.ac.il","finished","30"
"agmm_BIN_IMAGE_CELEB_ATTRACTIVENESS_0","0.9072719468598888","0","all","AutoGluon-MM 🧴","2026-04-13T18:04:33.000Z","BIN_IMAGE_CELEB_ATTRACTIVENESS","1261","nlp-srv2.iem.technion.ac.il","finished","30"
"agmm_MUL_TEXT_PRODUCT_SENTIMENT_3","0.9049994633295064","3","all","AutoGluon-MM 🧴","2026-04-14T04:25:09.000Z","MUL_TEXT_PRODUCT_SENTIMENT","309","nlp19.iem.technion.ac.il","finished","30"
"agmm_MUL_IMAGE_CBIS_DDSM_4","0.9034103298703202","4","all","AutoGluon-MM 🧴","2026-04-13T19:30:23.000Z","MUL_IMAGE_CBIS_DDSM","3071","nlp-srv2.iem.technion.ac.il","finished","30"
"agmm_BIN_IMAGE_CELEB_ATTRACTIVENESS_1","0.903122251671134","1","all","AutoGluon-MM 🧴","2026-04-13T18:08:05.000Z","BIN_IMAGE_CELEB_ATTRACTIVENESS","1665","nlp-srv2.iem.technion.ac.il","finished","30"
"agmm_MUL_IMAGE_CBIS_DDSM_1","0.8978033388296216","1","all","AutoGluon-MM 🧴","2026-04-13T18:58:02.000Z","MUL_IMAGE_CBIS_DDSM","3021","nlp-srv2.iem.technion.ac.il","finished","30"
"agmm_MUL_IMAGE_CBIS_DDSM_2","0.891942435793116","2","all","AutoGluon-MM 🧴","2026-04-13T19:00:00.000Z","MUL_IMAGE_CBIS_DDSM","3191","nlp-srv2.iem.technion.ac.il","finished","30"
"agmm_REG_TEXT_BABIES_PRICES_2","0.8847044580408693","2","all","AutoGluon-MM 🧴","2026-04-14T05:28:32.000Z","REG_TEXT_BABIES_PRICES","440","nlp19.iem.technion.ac.il","finished","30"
"agmm_REG_TEXT_BABIES_PRICES_4","0.8805995071467185","4","all","AutoGluon-MM 🧴","2026-04-14T05:30:33.000Z","REG_TEXT_BABIES_PRICES","511","nlp-srv2.iem.technion.ac.il","finished","30"
"agmm_MUL_IMAGE_PETFINDER_4","0.8797036462659941","4","all","AutoGluon-MM 🧴","2026-04-13T23:09:28.000Z","MUL_IMAGE_PETFINDER","1707","nlp-srv2.iem.technion.ac.il","finished","30"
"agmm_MUL_IMAGE_CSGO_SKIN_PRICE_4","0.8791369509043927","4","all","AutoGluon-MM 🧴","2026-04-13T20:29:31.000Z","MUL_IMAGE_CSGO_SKIN_PRICE","460","nlp-srv2.iem.technion.ac.il","finished","30"
"agmm_MUL_IMAGE_CSGO_SKIN_PRICE_3","0.8781833105335158","3","all","AutoGluon-MM 🧴","2026-04-13T20:27:45.000Z","MUL_IMAGE_CSGO_SKIN_PRICE","337","nlp-srv2.iem.technion.ac.il","finished","30"
"agmm_MUL_IMAGE_PETFINDER_3","0.8736151122501901","3","all","AutoGluon-MM 🧴","2026-04-13T23:09:26.000Z","MUL_IMAGE_PETFINDER","2189","nlp-srv2.iem.technion.ac.il","finished","30"
"agmm_REG_TEXT_BOOK_READABILITY_4","0.8724259065944628","4","all","AutoGluon-MM 🧴","2026-04-14T05:51:12.000Z","REG_TEXT_BOOK_READABILITY","768","nlp-srv2.iem.technion.ac.il","finished","30"
"agmm_REG_TEXT_BOOK_READABILITY_3","0.8701209609430063","3","all","AutoGluon-MM 🧴","2026-04-14T05:50:20.000Z","REG_TEXT_BOOK_READABILITY","350","nlp19.iem.technion.ac.il","finished","30"
"agmm_MUL_IMAGE_CSGO_SKIN_PRICE_0","0.86912509499924","0","all","AutoGluon-MM 🧴","2026-04-13T20:15:36.000Z","MUL_IMAGE_CSGO_SKIN_PRICE","421","nlp-srv2.iem.technion.ac.il","finished","30"
"agmm_MUL_IMAGE_PETFINDER_1","0.8685567287155506","1","all","AutoGluon-MM 🧴","2026-04-13T22:43:21.000Z","MUL_IMAGE_PETFINDER","2605","nlp-srv2.iem.technion.ac.il","finished","30"
"agmm_MUL_IMAGE_PETFINDER_0","0.8662939653279114","0","all","AutoGluon-MM 🧴","2026-04-13T22:36:27.000Z","MUL_IMAGE_PETFINDER","2409","nlp19.iem.technion.ac.il","finished","30"
"agmm_REG_TEXT_BOOK_READABILITY_2","0.8625277666075966","2","all","AutoGluon-MM 🧴","2026-04-14T05:46:36.000Z","REG_TEXT_BOOK_READABILITY","806","nlp-srv2.iem.technion.ac.il","finished","30"
"agmm_MUL_IMAGE_CSGO_SKIN_PRICE_2","0.8568423772609819","2","all","AutoGluon-MM 🧴","2026-04-13T20:22:41.000Z","MUL_IMAGE_CSGO_SKIN_PRICE","403","nlp-srv2.iem.technion.ac.il","finished","30"
"agmm_MUL_IMAGE_PETFINDER_2","0.8562155288275655","2","all","AutoGluon-MM 🧴","2026-04-13T22:46:36.000Z","MUL_IMAGE_PETFINDER","2951","nlp-srv2.iem.technion.ac.il","finished","30"
"agmm_MUL_IMAGE_CSGO_SKIN_PRICE_1","0.8531457668338653","1","all","AutoGluon-MM 🧴","2026-04-13T20:21:37.000Z","MUL_IMAGE_CSGO_SKIN_PRICE","362","nlp-srv2.iem.technion.ac.il","finished","30"
"agmm_REG_TEXT_BOOK_READABILITY_0","0.8430396412118756","0","all","AutoGluon-MM 🧴","2026-04-14T05:44:07.000Z","REG_TEXT_BOOK_READABILITY","365","nlp19.iem.technion.ac.il","finished","30"
"agmm_MUL_IMAGE_CHEXPERT_2","0.8404667609215769","2","all","AutoGluon-MM 🧴","2026-04-13T19:53:17.000Z","MUL_IMAGE_CHEXPERT","1232","nlp-srv2.iem.technion.ac.il","finished","30"
"agmm_MUL_IMAGE_CHEXPERT_3","0.8325377367409666","3","all","AutoGluon-MM 🧴","2026-04-13T20:03:57.000Z","MUL_IMAGE_CHEXPERT","1717","nlp-srv2.iem.technion.ac.il","finished","30"
"agmm_MUL_IMAGE_CHEXPERT_1","0.8265632267159543","1","all","AutoGluon-MM 🧴","2026-04-13T19:48:28.000Z","MUL_IMAGE_CHEXPERT","1624","nlp-srv2.iem.technion.ac.il","finished","30"
"agmm_REG_TEXT_SCIMAGOJR_IMPACT_2","0.8258888125419617","2","all","AutoGluon-MM 🧴","2026-04-14T06:30:46.000Z","REG_TEXT_SCIMAGOJR_IMPACT","882","nlp19.iem.technion.ac.il","finished","30"
"agmm_MUL_IMAGE_CHEXPERT_4","0.8230615558428629","4","all","AutoGluon-MM 🧴","2026-04-13T20:13:54.000Z","MUL_IMAGE_CHEXPERT","1371","nlp-srv2.iem.technion.ac.il","finished","30"
"agmm_MUL_TEXT_DATA_SCIENTIST_SALARY_4","0.8223801138023726","4","all","AutoGluon-MM 🧴","2026-04-14T04:07:54.000Z","MUL_TEXT_DATA_SCIENTIST_SALARY","385","nlp19.iem.technion.ac.il","finished","30"
"agmm_MUL_IMAGE_CHEXPERT_0","0.8220394958254035","0","all","AutoGluon-MM 🧴","2026-04-13T19:34:11.000Z","MUL_IMAGE_CHEXPERT","1780","nlp-srv2.iem.technion.ac.il","finished","30"
"agmm_REG_TEXT_SCIMAGOJR_IMPACT_4","0.8164352774620056","4","all","AutoGluon-MM 🧴","2026-04-14T06:35:58.000Z","REG_TEXT_SCIMAGOJR_IMPACT","1028","nlp-srv2.iem.technion.ac.il","finished","30"
"agmm_REG_TEXT_BOOK_READABILITY_1","0.816143424461626","1","all","AutoGluon-MM 🧴","2026-04-14T05:44:08.000Z","REG_TEXT_BOOK_READABILITY","575","nlp-srv2.iem.technion.ac.il","finished","30"
"agmm_MUL_TEXT_DATA_SCIENTIST_SALARY_2","0.8131114983432942","2","all","AutoGluon-MM 🧴","2026-04-14T04:01:51.000Z","MUL_TEXT_DATA_SCIENTIST_SALARY","825","nlp-srv2.iem.technion.ac.il","finished","30"
"agmm_MUL_TEXT_DATA_SCIENTIST_SALARY_3","0.8125507005135005","3","all","AutoGluon-MM 🧴","2026-04-14T04:07:37.000Z","MUL_TEXT_DATA_SCIENTIST_SALARY","905","nlp-srv2.iem.technion.ac.il","finished","30"
"agmm_REG_TEXT_SCIMAGOJR_IMPACT_0","0.8104082942008972","0","all","AutoGluon-MM 🧴","2026-04-14T06:19:40.000Z","REG_TEXT_SCIMAGOJR_IMPACT","744","nlp-srv2.iem.technion.ac.il","finished","30"
"agmm_MUL_TEXT_DATA_SCIENTIST_SALARY_1","0.809595196921182","1","all","AutoGluon-MM 🧴","2026-04-14T04:01:41.000Z","MUL_TEXT_DATA_SCIENTIST_SALARY","369","nlp19.iem.technion.ac.il","finished","30"
"agmm_MUL_TEXT_DATA_SCIENTIST_SALARY_0","0.8083967335277175","0","all","AutoGluon-MM 🧴","2026-04-14T03:58:17.000Z","MUL_TEXT_DATA_SCIENTIST_SALARY","779","nlp-srv2.iem.technion.ac.il","finished","30"
"agmm_REG_TEXT_SCIMAGOJR_IMPACT_3","0.7988489866256714","3","all","AutoGluon-MM 🧴","2026-04-14T06:32:11.000Z","REG_TEXT_SCIMAGOJR_IMPACT","1112","nlp-srv2.iem.technion.ac.il","finished","30"
"agmm_REG_TEXT_SCIMAGOJR_IMPACT_1","0.7958350777626038","1","all","AutoGluon-MM 🧴","2026-04-14T06:30:30.000Z","REG_TEXT_SCIMAGOJR_IMPACT","1579","nlp-srv2.iem.technion.ac.il","finished","30"
"agmm_REG_TEXT_ZOMATO_RESTAURANTS_3","0.7943081565234064","3","all","AutoGluon-MM 🧴","2026-04-14T07:32:57.000Z","REG_TEXT_ZOMATO_RESTAURANTS","6486","nlp19.iem.technion.ac.il","finished","30"
"agmm_BIN_IMAGE_HATEFUL_MEME_0","0.7932868080063068","0","all","AutoGluon-MM 🧴","2026-04-13T17:41:53.000Z","BIN_IMAGE_HATEFUL_MEME","1968","nlp-srv2.iem.technion.ac.il","finished","30"
"agmm_REG_TEXT_ZOMATO_RESTAURANTS_0","0.7928408701581693","0","all","AutoGluon-MM 🧴","2026-04-14T07:25:05.000Z","REG_TEXT_ZOMATO_RESTAURANTS","7142","nlp-srv2.iem.technion.ac.il","finished","30"
"agmm_REG_TEXT_VANCOUVER_SALARIES_0","0.7911314341144149","0","all","AutoGluon-MM 🧴","2026-04-14T06:53:13.000Z","REG_TEXT_VANCOUVER_SALARIES","1572","nlp-srv2.iem.technion.ac.il","finished","30"
"agmm_REG_TEXT_ZOMATO_RESTAURANTS_1","0.7881592559110057","1","all","AutoGluon-MM 🧴","2026-04-14T07:30:23.000Z","REG_TEXT_ZOMATO_RESTAURANTS","6973","nlp-srv2.iem.technion.ac.il","finished","30"
"agmm_REG_TEXT_ZOMATO_RESTAURANTS_4","0.7869600601420064","4","all","AutoGluon-MM 🧴","2026-04-14T07:39:12.000Z","REG_TEXT_ZOMATO_RESTAURANTS","7012","nlp-srv2.iem.technion.ac.il","finished","30"
"agmm_BIN_IMAGE_HATEFUL_MEME_1","0.7865725578171544","1","all","AutoGluon-MM 🧴","2026-04-13T17:42:21.000Z","BIN_IMAGE_HATEFUL_MEME","1265","nlp-srv2.iem.technion.ac.il","finished","30"
"agmm_BIN_IMAGE_HATEFUL_MEME_2","0.783289506404728","2","all","AutoGluon-MM 🧴","2026-04-13T17:42:34.000Z","BIN_IMAGE_HATEFUL_MEME","1523","nlp-srv2.iem.technion.ac.il","finished","30"
"agmm_REG_TEXT_VANCOUVER_SALARIES_4","0.7814274758212961","4","all","AutoGluon-MM 🧴","2026-04-14T07:01:47.000Z","REG_TEXT_VANCOUVER_SALARIES","1393","nlp-srv2.iem.technion.ac.il","finished","30"
"agmm_BIN_IMAGE_HATEFUL_MEME_4","0.778815985100608","4","all","AutoGluon-MM 🧴","2026-04-13T18:03:33.000Z","BIN_IMAGE_HATEFUL_MEME","1593","nlp-srv2.iem.technion.ac.il","finished","30"
"agmm_BIN_IMAGE_HATEFUL_MEME_3","0.7772181099570901","3","all","AutoGluon-MM 🧴","2026-04-13T23:26:53.000Z","BIN_IMAGE_HATEFUL_MEME","1725","nlp-srv2.iem.technion.ac.il","finished","30"
"agmm_MUL_IMAGE_CBIS_DDSM_3","0.7725241267308974","3","all","AutoGluon-MM 🧴","2026-04-13T19:16:24.000Z","MUL_IMAGE_CBIS_DDSM","1061","nlp-srv2.iem.technion.ac.il","finished","30"
"agmm_BIN_IMAGE_MAMMOGRAPHY_CMMD_0","0.7659516550522648","0","all","AutoGluon-MM 🧴","2026-04-13T18:27:48.000Z","BIN_IMAGE_MAMMOGRAPHY_CMMD","550","nlp-srv2.iem.technion.ac.il","finished","30"
"agmm_REG_TEXT_VANCOUVER_SALARIES_3","0.7653025071877828","3","all","AutoGluon-MM 🧴","2026-04-14T06:58:33.000Z","REG_TEXT_VANCOUVER_SALARIES","1488","nlp-srv2.iem.technion.ac.il","finished","30"
"agmm_REG_TEXT_ZOMATO_RESTAURANTS_2","0.7555973476276969","2","all","AutoGluon-MM 🧴","2026-04-14T07:31:11.000Z","REG_TEXT_ZOMATO_RESTAURANTS","7140","nlp-srv2.iem.technion.ac.il","finished","30"
"agmm_BIN_IMAGE_MAMMOGRAPHY_CMMD_4","0.7555640243902438","4","all","AutoGluon-MM 🧴","2026-04-13T18:39:30.000Z","BIN_IMAGE_MAMMOGRAPHY_CMMD","1226","nlp-srv2.iem.technion.ac.il","finished","30"
"agmm_BIN_TEXT_KICKSTARTER_FUNDING_0","0.7544479549632352","0","all","AutoGluon-MM 🧴","2026-04-14T03:47:20.000Z","BIN_TEXT_KICKSTARTER_FUNDING","389","nlp19.iem.technion.ac.il","finished","30"
"agmm_BIN_TEXT_KICKSTARTER_FUNDING_2","0.7501482077205882","2","all","AutoGluon-MM 🧴","2026-04-14T03:53:54.000Z","BIN_TEXT_KICKSTARTER_FUNDING","460","nlp19.iem.technion.ac.il","finished","30"
"agmm_REG_TEXT_VANCOUVER_SALARIES_1","0.7498340986560061","1","all","AutoGluon-MM 🧴","2026-04-14T06:56:36.000Z","REG_TEXT_VANCOUVER_SALARIES","752","nlp19.iem.technion.ac.il","finished","30"
"agmm_BIN_TEXT_KICKSTARTER_FUNDING_3","0.7448167509191176","3","all","AutoGluon-MM 🧴","2026-04-14T03:56:24.000Z","BIN_TEXT_KICKSTARTER_FUNDING","687","nlp-srv2.iem.technion.ac.il","finished","30"
"agmm_REG_TEXT_VANCOUVER_SALARIES_2","0.7425604362029072","2","all","AutoGluon-MM 🧴","2026-04-14T06:56:57.000Z","REG_TEXT_VANCOUVER_SALARIES","1550","nlp-srv2.iem.technion.ac.il","finished","30"
"agmm_BIN_IMAGE_MAMMOGRAPHY_CMMD_2","0.7413218641114983","2","all","AutoGluon-MM 🧴","2026-04-13T18:35:55.000Z","BIN_IMAGE_MAMMOGRAPHY_CMMD","1244","nlp-srv2.iem.technion.ac.il","finished","30"
"agmm_BIN_TEXT_KICKSTARTER_FUNDING_1","0.739388786764706","1","all","AutoGluon-MM 🧴","2026-04-14T03:47:52.000Z","BIN_TEXT_KICKSTARTER_FUNDING","620","nlp-srv2.iem.technion.ac.il","finished","30"
"agmm_BIN_TEXT_KICKSTARTER_FUNDING_4","0.7320639935661764","4","all","AutoGluon-MM 🧴","2026-04-14T03:56:46.000Z","BIN_TEXT_KICKSTARTER_FUNDING","644","nlp-srv2.iem.technion.ac.il","finished","30"
"agmm_BIN_IMAGE_MAMMOGRAPHY_CMMD_3","0.7236171602787457","3","all","AutoGluon-MM 🧴","2026-04-13T18:37:05.000Z","BIN_IMAGE_MAMMOGRAPHY_CMMD","1249","nlp-srv2.iem.technion.ac.il","finished","30"
"agmm_BIN_IMAGE_MAMMOGRAPHY_CMMD_1","0.7148519163763066","1","all","AutoGluon-MM 🧴","2026-04-13T18:30:11.000Z","BIN_IMAGE_MAMMOGRAPHY_CMMD","672","nlp-srv2.iem.technion.ac.il","finished","30"
"agmm_REG_IMAGE_AMAZON_PACKAGES_2","0.693709582080753","2","all","AutoGluon-MM 🧴","2026-04-14T00:30:14.000Z","REG_IMAGE_AMAZON_PACKAGES","3179","nlp19.iem.technion.ac.il","finished","30"
"agmm_REG_IMAGE_AMAZON_PACKAGES_4","0.6694281630060916","4","all","AutoGluon-MM 🧴","2026-04-14T00:33:46.000Z","REG_IMAGE_AMAZON_PACKAGES","2887","nlp-srv2.iem.technion.ac.il","finished","30"
"agmm_REG_IMAGE_AMAZON_PACKAGES_0","0.6612729759598166","0","all","AutoGluon-MM 🧴","2026-04-14T00:22:47.000Z","REG_IMAGE_AMAZON_PACKAGES","2664","nlp-srv2.iem.technion.ac.il","finished","30"
"agmm_MUL_IMAGE_FLOWER_BOUQUETS_0","0.6512587990389599","0","all","AutoGluon-MM 🧴","2026-04-13T20:32:41.000Z","MUL_IMAGE_FLOWER_BOUQUETS","309","nlp-srv2.iem.technion.ac.il","finished","30"
"agmm_REG_IMAGE_AMAZON_PACKAGES_3","0.6506145168355859","3","all","AutoGluon-MM 🧴","2026-04-14T00:31:04.000Z","REG_IMAGE_AMAZON_PACKAGES","2897","nlp-srv2.iem.technion.ac.il","finished","30"
"agmm_MUL_IMAGE_FLOWER_BOUQUETS_3","0.6318518073819961","3","all","AutoGluon-MM 🧴","2026-04-13T20:37:13.000Z","MUL_IMAGE_FLOWER_BOUQUETS","313","nlp-srv2.iem.technion.ac.il","finished","30"
"agmm_REG_TEXT_VIDEO_GAMES_SALES_0","0.6277019114274065","0","all","AutoGluon-MM 🧴","2026-04-14T07:09:13.000Z","REG_TEXT_VIDEO_GAMES_SALES","746","nlp19.iem.technion.ac.il","finished","30"
"agmm_REG_IMAGE_AMAZON_BEST_SELLER_4","0.618687849538547","4","all","AutoGluon-MM 🧴","2026-04-14T00:21:21.000Z","REG_IMAGE_AMAZON_BEST_SELLER","738","nlp-srv2.iem.technion.ac.il","finished","30"
"agmm_MUL_IMAGE_FLOWER_BOUQUETS_2","0.6127356701495158","2","all","AutoGluon-MM 🧴","2026-04-13T20:36:48.000Z","MUL_IMAGE_FLOWER_BOUQUETS","328","nlp-srv2.iem.technion.ac.il","finished","30"
"agmm_REG_TEXT_BOOK_PRICE_2","0.6098932484088564","2","all","AutoGluon-MM 🧴","2026-04-14T05:38:43.000Z","REG_TEXT_BOOK_PRICE","467","nlp-srv2.iem.technion.ac.il","finished","30"
"agmm_REG_IMAGE_AMAZON_BEST_SELLER_0","0.606083124661118","0","all","AutoGluon-MM 🧴","2026-04-14T00:01:15.000Z","REG_IMAGE_AMAZON_BEST_SELLER","864","nlp19.iem.technion.ac.il","finished","30"
"agmm_REG_TEXT_BOOK_PRICE_0","0.5961789021383619","0","all","AutoGluon-MM 🧴","2026-04-14T05:32:38.000Z","REG_TEXT_BOOK_PRICE","665","nlp-srv2.iem.technion.ac.il","finished","30"
"agmm_MUL_IMAGE_FLOWER_BOUQUETS_1","0.5868968886449186","1","all","AutoGluon-MM 🧴","2026-04-13T20:33:27.000Z","MUL_IMAGE_FLOWER_BOUQUETS","220","nlp-srv2.iem.technion.ac.il","finished","30"
"agmm_REG_IMAGE_AMAZON_BEST_SELLER_1","0.5761035699210297","1","all","AutoGluon-MM 🧴","2026-04-14T00:10:58.000Z","REG_IMAGE_AMAZON_BEST_SELLER","704","nlp-srv2.iem.technion.ac.il","finished","30"
"agmm_REG_IMAGE_AMAZON_PACKAGES_1","0.56778392580405","1","all","AutoGluon-MM 🧴","2026-04-14T00:26:09.000Z","REG_IMAGE_AMAZON_PACKAGES","2898","nlp-srv2.iem.technion.ac.il","finished","30"
"agmm_REG_TEXT_BOOK_PRICE_1","0.5674244739848429","1","all","AutoGluon-MM 🧴","2026-04-14T05:35:59.000Z","REG_TEXT_BOOK_PRICE","482","nlp19.iem.technion.ac.il","finished","30"
"agmm_REG_TEXT_BOOK_PRICE_3","0.5606568886401259","3","all","AutoGluon-MM 🧴","2026-04-14T05:39:08.000Z","REG_TEXT_BOOK_PRICE","718","nlp-srv2.iem.technion.ac.il","finished","30"
"agmm_MUL_IMAGE_FLOWER_BOUQUETS_4","0.5517033247756888","4","all","AutoGluon-MM 🧴","2026-04-13T20:37:13.000Z","MUL_IMAGE_FLOWER_BOUQUETS","277","nlp-srv2.iem.technion.ac.il","finished","30"
"agmm_REG_IMAGE_AMAZON_BEST_SELLER_3","0.5515309176353078","3","all","AutoGluon-MM 🧴","2026-04-14T00:15:43.000Z","REG_IMAGE_AMAZON_BEST_SELLER","864","nlp19.iem.technion.ac.il","finished","30"
"agmm_REG_IMAGE_KHAADI_CLOTHES_2","0.5423479080200195","2","all","AutoGluon-MM 🧴","2026-04-14T01:37:06.000Z","REG_IMAGE_KHAADI_CLOTHES","236","nlp-srv2.iem.technion.ac.il","finished","30"
"agmm_REG_TEXT_BOOK_PRICE_4","0.5369961751130223","4","all","AutoGluon-MM 🧴","2026-04-14T05:43:51.000Z","REG_TEXT_BOOK_PRICE","733","nlp-srv2.iem.technion.ac.il","finished","30"
"agmm_REG_TEXT_VIDEO_GAMES_SALES_1","0.5287850768849266","1","all","AutoGluon-MM 🧴","2026-04-14T07:19:33.000Z","REG_TEXT_VIDEO_GAMES_SALES","647","nlp-srv2.iem.technion.ac.il","finished","30"
"agmm_REG_TEXT_VIDEO_GAMES_SALES_4","0.5208277346823058","4","all","AutoGluon-MM 🧴","2026-04-14T07:23:25.000Z","REG_TEXT_VIDEO_GAMES_SALES","940","nlp-srv2.iem.technion.ac.il","finished","30"
"agmm_REG_TEXT_MERCARI_MARKETPLACE_2","0.5151504302072429","2","all","AutoGluon-MM 🧴","2026-04-14T05:56:18.000Z","REG_TEXT_MERCARI_MARKETPLACE","555","nlp19.iem.technion.ac.il","finished","30"
"agmm_REG_TEXT_VIDEO_GAMES_SALES_3","0.5143729906049221","3","all","AutoGluon-MM 🧴","2026-04-14T07:22:52.000Z","REG_TEXT_VIDEO_GAMES_SALES","492","nlp-srv2.iem.technion.ac.il","finished","30"
"agmm_REG_IMAGE_AMAZON_BEST_SELLER_2","0.5124417203510399","2","all","AutoGluon-MM 🧴","2026-04-14T00:13:49.000Z","REG_IMAGE_AMAZON_BEST_SELLER","734","nlp-srv2.iem.technion.ac.il","finished","30"
"agmm_REG_TEXT_MERCARI_MARKETPLACE_4","0.4770713585277321","4","all","AutoGluon-MM 🧴","2026-04-14T06:04:04.000Z","REG_TEXT_MERCARI_MARKETPLACE","930","nlp-srv2.iem.technion.ac.il","finished","30"
"agmm_REG_TEXT_MERCARI_MARKETPLACE_0","0.47318419956419655","0","all","AutoGluon-MM 🧴","2026-04-14T05:53:51.000Z","REG_TEXT_MERCARI_MARKETPLACE","1316","nlp-srv2.iem.technion.ac.il","finished","30"
"agmm_REG_TEXT_MERCARI_MARKETPLACE_3","0.4450240090918427","3","all","AutoGluon-MM 🧴","2026-04-14T06:00:09.000Z","REG_TEXT_MERCARI_MARKETPLACE","802","nlp-srv2.iem.technion.ac.il","finished","30"
"agmm_REG_TEXT_MERCARI_MARKETPLACE_1","0.4362292467983334","1","all","AutoGluon-MM 🧴","2026-04-14T05:56:11.000Z","REG_TEXT_MERCARI_MARKETPLACE","753","nlp-srv2.iem.technion.ac.il","finished","30"
"agmm_REG_IMAGE_LETTERBOXD_MOVIES_3","0.4351395559537675","3","all","AutoGluon-MM 🧴","2026-04-14T01:50:07.000Z","REG_IMAGE_LETTERBOXD_MOVIES","1256","nlp-srv2.iem.technion.ac.il","finished","30"
"agmm_REG_IMAGE_MANGO_MASS_1","0.4279929124031586","1","all","AutoGluon-MM 🧴","2026-04-14T02:09:10.000Z","REG_IMAGE_MANGO_MASS","207","nlp-srv2.iem.technion.ac.il","finished","30"
"agmm_REG_IMAGE_LETTERBOXD_MOVIES_0","0.4266616490656657","0","all","AutoGluon-MM 🧴","2026-04-14T01:44:24.000Z","REG_IMAGE_LETTERBOXD_MOVIES","1338","nlp-srv2.iem.technion.ac.il","finished","30"
"agmm_REG_IMAGE_LETTERBOXD_MOVIES_4","0.38911529569850234","4","all","AutoGluon-MM 🧴","2026-04-14T01:51:30.000Z","REG_IMAGE_LETTERBOXD_MOVIES","1614","nlp19.iem.technion.ac.il","finished","30"
"agmm_REG_IMAGE_KHAADI_CLOTHES_4","0.3850719928741455","4","all","AutoGluon-MM 🧴","2026-04-14T01:44:23.000Z","REG_IMAGE_KHAADI_CLOTHES","309","nlp-srv2.iem.technion.ac.il","finished","30"
"agmm_REG_TEXT_ROTTEN_TOMATOES_1","0.3847399711830175","1","all","AutoGluon-MM 🧴","2026-04-14T06:45:33.000Z","REG_TEXT_ROTTEN_TOMATOES","271","nlp19.iem.technion.ac.il","finished","30"
"agmm_REG_IMAGE_LETTERBOXD_MOVIES_2","0.3784085834496742","2","all","AutoGluon-MM 🧴","2026-04-14T01:49:38.000Z","REG_IMAGE_LETTERBOXD_MOVIES","1164","nlp-srv2.iem.technion.ac.il","finished","30"
"agmm_REG_TEXT_ROTTEN_TOMATOES_0","0.3772386172102168","0","all","AutoGluon-MM 🧴","2026-04-14T06:37:27.000Z","REG_TEXT_ROTTEN_TOMATOES","704","nlp-srv2.iem.technion.ac.il","finished","30"
"agmm_REG_IMAGE_LETTERBOXD_MOVIES_1","0.37261761268977145","1","all","AutoGluon-MM 🧴","2026-04-14T01:48:52.000Z","REG_IMAGE_LETTERBOXD_MOVIES","1246","nlp-srv2.iem.technion.ac.il","finished","30"
"agmm_REG_IMAGE_KHAADI_CLOTHES_1","0.3715528845787048","1","all","AutoGluon-MM 🧴","2026-04-14T01:34:06.000Z","REG_IMAGE_KHAADI_CLOTHES","175","nlp-srv2.iem.technion.ac.il","finished","30"
"agmm_REG_TEXT_VIDEO_GAMES_SALES_2","0.3701999947755694","2","all","AutoGluon-MM 🧴","2026-04-14T07:21:43.000Z","REG_TEXT_VIDEO_GAMES_SALES","671","nlp19.iem.technion.ac.il","finished","30"
"agmm_REG_IMAGE_PAINTING_PRICE_0","0.3677940149984764","0","all","AutoGluon-MM 🧴","2026-04-14T02:42:00.000Z","REG_IMAGE_PAINTING_PRICE","2860","nlp-srv2.iem.technion.ac.il","finished","30"
"agmm_REG_TEXT_ROTTEN_TOMATOES_3","0.34734193606319264","3","all","AutoGluon-MM 🧴","2026-04-14T06:50:12.000Z","REG_TEXT_ROTTEN_TOMATOES","378","nlp19.iem.technion.ac.il","finished","30"
"agmm_REG_TEXT_ROTTEN_TOMATOES_2","0.34617435412342923","2","all","AutoGluon-MM 🧴","2026-04-14T06:49:16.000Z","REG_TEXT_ROTTEN_TOMATOES","550","nlp-srv2.iem.technion.ac.il","finished","30"
"agmm_REG_IMAGE_MANGO_MASS_4","0.29925938896872895","4","all","AutoGluon-MM 🧴","2026-04-14T02:11:08.000Z","REG_IMAGE_MANGO_MASS","200","nlp-srv2.iem.technion.ac.il","finished","30"
"agmm_REG_IMAGE_MKPHOTO_BOTS_4","0.2990475495373002","4","all","AutoGluon-MM 🧴","2026-04-14T02:18:28.000Z","REG_IMAGE_MKPHOTO_BOTS","2663","nlp19.iem.technion.ac.il","finished","30"
"agmm_REG_IMAGE_PAINTING_PRICE_2","0.2911318629095191","2","all","AutoGluon-MM 🧴","2026-04-14T02:49:01.000Z","REG_IMAGE_PAINTING_PRICE","2462","nlp-srv2.iem.technion.ac.il","finished","30"
"agmm_REG_IMAGE_HNM_FASHION_4","0.28346111845913424","4","all","AutoGluon-MM 🧴","2026-04-14T01:23:20.000Z","REG_IMAGE_HNM_FASHION","1683","nlp19.iem.technion.ac.il","finished","30"
"agmm_REG_TEXT_ROTTEN_TOMATOES_4","0.28068293780971865","4","all","AutoGluon-MM 🧴","2026-04-14T06:50:50.000Z","REG_TEXT_ROTTEN_TOMATOES","649","nlp-srv2.iem.technion.ac.il","finished","30"
"agmm_REG_IMAGE_MKPHOTO_BOTS_2","0.2759840051690181","2","all","AutoGluon-MM 🧴","2026-04-14T02:13:23.000Z","REG_IMAGE_MKPHOTO_BOTS","2108","nlp-srv2.iem.technion.ac.il","finished","30"
"agmm_REG_IMAGE_HNM_FASHION_1","0.2717865285708174","1","all","AutoGluon-MM 🧴","2026-04-14T01:14:33.000Z","REG_IMAGE_HNM_FASHION","1783","nlp-srv2.iem.technion.ac.il","finished","30"
"agmm_REG_IMAGE_MANGO_MASS_3","0.2716739551838059","3","all","AutoGluon-MM 🧴","2026-04-14T02:10:14.000Z","REG_IMAGE_MANGO_MASS","185","nlp-srv2.iem.technion.ac.il","finished","30"
"agmm_REG_IMAGE_MKPHOTO_BOTS_1","0.2674618833074155","1","all","AutoGluon-MM 🧴","2026-04-14T02:12:57.000Z","REG_IMAGE_MKPHOTO_BOTS","2158","nlp-srv2.iem.technion.ac.il","finished","30"
"agmm_REG_IMAGE_HNM_FASHION_0","0.26366065922209914","0","all","AutoGluon-MM 🧴","2026-04-14T01:07:19.000Z","REG_IMAGE_HNM_FASHION","1448","nlp-srv2.iem.technion.ac.il","finished","30"
"agmm_REG_IMAGE_HNM_FASHION_3","0.26317172300930036","3","all","AutoGluon-MM 🧴","2026-04-14T01:22:00.000Z","REG_IMAGE_HNM_FASHION","1679","nlp-srv2.iem.technion.ac.il","finished","30"
"agmm_REG_IMAGE_HNM_FASHION_2","0.24277374193623025","2","all","AutoGluon-MM 🧴","2026-04-14T01:19:27.000Z","REG_IMAGE_HNM_FASHION","1760","nlp-srv2.iem.technion.ac.il","finished","30"
"agmm_REG_IMAGE_PAINTING_PRICE_1","0.22230806416271764","1","all","AutoGluon-MM 🧴","2026-04-14T02:48:39.000Z","REG_IMAGE_PAINTING_PRICE","2492","nlp-srv2.iem.technion.ac.il","finished","30"
"agmm_REG_IMAGE_KHAADI_CLOTHES_0","0.21560972929000857","0","all","AutoGluon-MM 🧴","2026-04-14T01:31:34.000Z","REG_IMAGE_KHAADI_CLOTHES","149","nlp-srv2.iem.technion.ac.il","finished","30"
"agmm_REG_IMAGE_MKPHOTO_BOTS_3","0.2122263031353082","3","all","AutoGluon-MM 🧴","2026-04-14T02:14:33.000Z","REG_IMAGE_MKPHOTO_BOTS","2177","nlp-srv2.iem.technion.ac.il","finished","30"
"agmm_REG_IMAGE_MKPHOTO_BOTS_0","0.209186684935733","0","all","AutoGluon-MM 🧴","2026-04-14T02:12:40.000Z","REG_IMAGE_MKPHOTO_BOTS","1755","nlp-srv2.iem.technion.ac.il","finished","30"
"agmm_REG_IMAGE_PAINTING_PRICE_4","0.16579133063973228","4","all","AutoGluon-MM 🧴","2026-04-14T03:02:58.000Z","REG_IMAGE_PAINTING_PRICE","1558","nlp19.iem.technion.ac.il","finished","30"
"agmm_REG_IMAGE_MANGO_MASS_2","0.12679634207842638","2","all","AutoGluon-MM 🧴","2026-04-14T02:09:42.000Z","REG_IMAGE_MANGO_MASS","192","nlp-srv2.iem.technion.ac.il","finished","30"
"agmm_REG_IMAGE_PAINTING_PRICE_3","0.12488424260933284","3","all","AutoGluon-MM 🧴","2026-04-14T02:50:57.000Z","REG_IMAGE_PAINTING_PRICE","2050","nlp-srv2.iem.technion.ac.il","finished","30"
"agmm_REG_IMAGE_KHAADI_CLOTHES_3","0.10722970962524414","3","all","AutoGluon-MM 🧴","2026-04-14T01:41:08.000Z","REG_IMAGE_KHAADI_CLOTHES","188","nlp-srv2.iem.technion.ac.il","finished","30"
"agmm_REG_IMAGE_MANGO_MASS_0","0.09662296956585692","0","all","AutoGluon-MM 🧴","2026-04-14T02:06:48.000Z","REG_IMAGE_MANGO_MASS","202","nlp-srv2.iem.technion.ac.il","finished","30"