"Name","test_score","fold","multimodal_state","model","Created","dataset","Runtime","Hostname","State"
"dpt_REG_IMAGE_AMAZON_BEST_SELLER_4","0.6392067789465135","4","ft","TabDPT 6️⃣","2026-04-08T09:30:16.000Z","REG_IMAGE_AMAZON_BEST_SELLER","314","nlp-srv2.iem.technion.ac.il","finished"
"dpt_REG_IMAGE_AMAZON_BEST_SELLER_3","0.578491440245142","3","ft","TabDPT 6️⃣","2026-04-08T09:23:54.000Z","REG_IMAGE_AMAZON_BEST_SELLER","378","nlp-srv2.iem.technion.ac.il","finished"
"dpt_REG_IMAGE_AMAZON_BEST_SELLER_2","0.5831599142395255","2","ft","TabDPT 6️⃣","2026-04-08T09:17:26.000Z","REG_IMAGE_AMAZON_BEST_SELLER","379","nlp-srv2.iem.technion.ac.il","finished"
"dpt_REG_IMAGE_AMAZON_BEST_SELLER_1","0.6049875626107115","1","ft","TabDPT 6️⃣","2026-04-08T09:11:29.000Z","REG_IMAGE_AMAZON_BEST_SELLER","352","nlp-srv2.iem.technion.ac.il","finished"
"dpt_REG_IMAGE_AMAZON_BEST_SELLER_4","0.6428944049154626","4","all","TabDPT 6️⃣","2026-04-08T09:09:21.000Z","REG_IMAGE_AMAZON_BEST_SELLER","148","nlp-srv2.iem.technion.ac.il","finished"
"dpt_REG_IMAGE_AMAZON_BEST_SELLER_0","0.6066998199031297","0","ft","TabDPT 6️⃣","2026-04-08T09:04:25.000Z","REG_IMAGE_AMAZON_BEST_SELLER","413","nlp-srv2.iem.technion.ac.il","finished"
"dpt_REG_IMAGE_AMAZON_BEST_SELLER_3","0.6161878576392248","3","all","TabDPT 6️⃣","2026-04-07T22:27:38.000Z","REG_IMAGE_AMAZON_BEST_SELLER","202","nlp19.iem.technion.ac.il","finished"
"dpt_REG_IMAGE_AMAZON_BEST_SELLER_2","0.5678204628894128","2","all","TabDPT 6️⃣","2026-04-07T22:17:51.000Z","REG_IMAGE_AMAZON_BEST_SELLER","242","nlp19.iem.technion.ac.il","finished"
"dpt_REG_IMAGE_AMAZON_BEST_SELLER_0","0.6733039411554118","0","all","TabDPT 6️⃣","2026-04-07T22:10:11.000Z","REG_IMAGE_AMAZON_BEST_SELLER","3800","nlp19.iem.technion.ac.il","finished"
"dpt_REG_IMAGE_AMAZON_BEST_SELLER_1","0.6303699238481866","1","all","TabDPT 6️⃣","2026-04-07T22:06:15.000Z","REG_IMAGE_AMAZON_BEST_SELLER","3798","nlp19.iem.technion.ac.il","finished"
"dpt_REG_TEXT_SCIMAGOJR_IMPACT_0","0.8467787504196167","0","ft","TabDPT 6️⃣","2026-04-07T01:46:12.000Z","REG_TEXT_SCIMAGOJR_IMPACT","6387","sweep-a100-1775517507-f10","finished"
"dpt_REG_TEXT_ZOMATO_RESTAURANTS_3","0.8337051028457549","3","all","TabDPT 6️⃣","2026-04-07T01:11:00.000Z","REG_TEXT_ZOMATO_RESTAURANTS","1136","sweep-a100-1775511692-m2","finished"
"dpt_REG_TEXT_VIDEO_GAMES_SALES_4","0.27773293263663246","4","ft","TabDPT 6️⃣","2026-04-07T01:09:24.000Z","REG_TEXT_VIDEO_GAMES_SALES","1417","sweep-a100-1775517506-f9","finished"
"dpt_REG_TEXT_SCIMAGOJR_IMPACT_3","0.8141937851905823","3","ft","TabDPT 6️⃣","2026-04-07T01:07:31.000Z","REG_TEXT_SCIMAGOJR_IMPACT","8349","sweep-a100-1775517499-f2","finished"
"dpt_REG_TEXT_ZOMATO_RESTAURANTS_4","0.8300667098340406","4","ft","TabDPT 6️⃣","2026-04-07T00:09:01.000Z","REG_TEXT_ZOMATO_RESTAURANTS","9216","sweep-a100-1775503792-y6","finished"
"dpt_REG_TEXT_ROTTEN_TOMATOES_0","0.4154526217945721","0","ft","TabDPT 6️⃣","2026-04-07T00:08:46.000Z","REG_TEXT_ROTTEN_TOMATOES","3726","sweep-a100-1775511692-m2","finished"
"dpt_REG_TEXT_MONTGOMERY_SALARIES_4","0.9303723433582372","4","ft","TabDPT 6️⃣","2026-04-07T00:04:01.000Z","REG_TEXT_MONTGOMERY_SALARIES","3806","sweep-a100-1775517499-f2","finished"
"dpt_REG_TEXT_MONTGOMERY_SALARIES_1","0.940595133306262","1","ft","TabDPT 6️⃣","2026-04-07T00:02:52.000Z","REG_TEXT_MONTGOMERY_SALARIES","3241","sweep-a100-1775511538-m4","finished"
"dpt_REG_TEXT_ZOMATO_RESTAURANTS_4","0.8254212956275794","4","all","TabDPT 6️⃣","2026-04-07T00:01:50.000Z","REG_TEXT_ZOMATO_RESTAURANTS","1101","sweep-a100-1775517301-m4","finished"
"dpt_REG_TEXT_ZOMATO_RESTAURANTS_3","0.8411095725151607","3","ft","TabDPT 6️⃣","2026-04-06T23:59:27.000Z","REG_TEXT_ZOMATO_RESTAURANTS","11002","sweep-a100-1775517501-f4","finished"
"dpt_REG_TEXT_ZOMATO_RESTAURANTS_2","0.8277601590865928","2","ft","TabDPT 6️⃣","2026-04-06T23:54:42.000Z","REG_TEXT_ZOMATO_RESTAURANTS","11012","sweep-a100-1775496435-18","finished"
"dpt_REG_TEXT_ZOMATO_RESTAURANTS_2","0.8354021078347194","2","all","TabDPT 6️⃣","2026-04-06T23:54:32.000Z","REG_TEXT_ZOMATO_RESTAURANTS","1234","sweep-a100-1775510335-m3","finished"
"dpt_REG_TEXT_ZOMATO_RESTAURANTS_1","0.833967822211636","1","ft","TabDPT 6️⃣","2026-04-06T23:52:06.000Z","REG_TEXT_ZOMATO_RESTAURANTS","11000","sweep-a100-1775517504-f7","finished"
"dpt_REG_TEXT_ZOMATO_RESTAURANTS_1","0.8301519166241313","1","all","TabDPT 6️⃣","2026-04-06T23:51:46.000Z","REG_TEXT_ZOMATO_RESTAURANTS","1096","sweep-a100-1775503772-y5","finished"
"dpt_REG_TEXT_ZOMATO_RESTAURANTS_0","0.8314727735130998","0","ft","TabDPT 6️⃣","2026-04-06T23:49:32.000Z","REG_TEXT_ZOMATO_RESTAURANTS","8271","sweep-a100-1775511672-m1","finished"
"dpt_REG_TEXT_ZOMATO_RESTAURANTS_0","0.8150014243481933","0","all","TabDPT 6️⃣","2026-04-06T23:49:31.000Z","REG_TEXT_ZOMATO_RESTAURANTS","1085","sweep-a100-1775511623-m8","finished"
"dpt_REG_TEXT_VIDEO_GAMES_SALES_4","0.24895454490740665","4","all","TabDPT 6️⃣","2026-04-06T23:47:51.000Z","REG_TEXT_VIDEO_GAMES_SALES","600","sweep-a100-1775511644-m9","finished"
"dpt_REG_TEXT_VIDEO_GAMES_SALES_3","0.34656821554820094","3","ft","TabDPT 6️⃣","2026-04-06T23:44:58.000Z","REG_TEXT_VIDEO_GAMES_SALES","1421","sweep-a100-1775511692-m2","finished"
"dpt_REG_TEXT_VIDEO_GAMES_SALES_3","0.3414757772580469","3","all","TabDPT 6️⃣","2026-04-06T23:43:46.000Z","REG_TEXT_VIDEO_GAMES_SALES","497","sweep-a100-1775517504-f7","finished"
"dpt_REG_TEXT_VIDEO_GAMES_SALES_2","0.31960072999790623","2","ft","TabDPT 6️⃣","2026-04-06T23:40:47.000Z","REG_TEXT_VIDEO_GAMES_SALES","1643","sweep-a100-1775517507-f10","finished"
"dpt_REG_TEXT_VIDEO_GAMES_SALES_2","0.288267070423615","2","all","TabDPT 6️⃣","2026-04-06T23:39:09.000Z","REG_TEXT_VIDEO_GAMES_SALES","526","sweep-a100-1775517299-m2","finished"
"dpt_REG_TEXT_VIDEO_GAMES_SALES_1","0.4245311332304287","1","ft","TabDPT 6️⃣","2026-04-06T23:37:27.000Z","REG_TEXT_VIDEO_GAMES_SALES","2274","sweep-a100-1775511498-m2","finished"
"dpt_REG_TEXT_VIDEO_GAMES_SALES_1","0.394143551569327","1","all","TabDPT 6️⃣","2026-04-06T23:35:26.000Z","REG_TEXT_VIDEO_GAMES_SALES","497","sweep-a100-1775517504-f7","finished"
"dpt_REG_TEXT_VIDEO_GAMES_SALES_0","0.43265648043667304","0","ft","TabDPT 6️⃣","2026-04-06T23:33:28.000Z","REG_TEXT_VIDEO_GAMES_SALES","1761","sweep-a100-1775511538-m4","finished"
"dpt_REG_TEXT_VIDEO_GAMES_SALES_0","0.4096293438509493","0","all","TabDPT 6️⃣","2026-04-06T23:33:16.000Z","REG_TEXT_VIDEO_GAMES_SALES","502","sweep-a100-1775511692-m2","finished"
"dpt_REG_TEXT_VANCOUVER_SALARIES_4","0.8037640620718928","4","ft","TabDPT 6️⃣","2026-04-06T23:31:38.000Z","REG_TEXT_VANCOUVER_SALARIES","1957","sweep-a100-1775494421-9","finished"
"dpt_REG_TEXT_VANCOUVER_SALARIES_4","0.7764133547531942","4","all","TabDPT 6️⃣","2026-04-06T23:30:27.000Z","REG_TEXT_VANCOUVER_SALARIES","710","sweep-a100-1775517506-f9","finished"
"dpt_REG_TEXT_VANCOUVER_SALARIES_3","0.7938458839323019","3","ft","TabDPT 6️⃣","2026-04-06T23:29:07.000Z","REG_TEXT_VANCOUVER_SALARIES","1956","sweep-a100-1775517301-m4","finished"
"dpt_REG_TEXT_VANCOUVER_SALARIES_3","0.7785418595568722","3","all","TabDPT 6️⃣","2026-04-06T23:28:51.000Z","REG_TEXT_VANCOUVER_SALARIES","583","sweep-a100-1775496435-18","finished"
"dpt_REG_TEXT_VANCOUVER_SALARIES_2","0.7671239046657992","2","ft","TabDPT 6️⃣","2026-04-06T23:27:27.000Z","REG_TEXT_VANCOUVER_SALARIES","2032","sweep-a100-1775517303-m6","finished"
"dpt_REG_TEXT_VANCOUVER_SALARIES_2","0.758627633885084","2","all","TabDPT 6️⃣","2026-04-06T23:27:12.000Z","REG_TEXT_VANCOUVER_SALARIES","710","sweep-a100-1775517299-m2","finished"
"dpt_REG_TEXT_VANCOUVER_SALARIES_1","0.7793245307776963","1","ft","TabDPT 6️⃣","2026-04-06T23:25:04.000Z","REG_TEXT_VANCOUVER_SALARIES","2358","sweep-a100-1775496456-19","finished"
"dpt_REG_TEXT_VANCOUVER_SALARIES_1","0.7459368732934106","1","all","TabDPT 6️⃣","2026-04-06T23:24:47.000Z","REG_TEXT_VANCOUVER_SALARIES","582","sweep-a100-1775503811-y7","finished"
"dpt_REG_TEXT_VANCOUVER_SALARIES_0","0.8084455499382999","0","ft","TabDPT 6️⃣","2026-04-06T23:22:29.000Z","REG_TEXT_VANCOUVER_SALARIES","2012","sweep-a100-1775503792-y6","finished"
"dpt_REG_TEXT_VANCOUVER_SALARIES_0","0.7841224236115203","0","all","TabDPT 6️⃣","2026-04-06T23:22:26.000Z","REG_TEXT_VANCOUVER_SALARIES","711","sweep-a100-1775517507-f10","finished"
"dpt_REG_TEXT_ROTTEN_TOMATOES_4","0.36543320783156286","4","ft","TabDPT 6️⃣","2026-04-06T23:19:23.000Z","REG_TEXT_ROTTEN_TOMATOES","3145","sweep-a100-1775517500-f3","finished"
"dpt_REG_TEXT_ROTTEN_TOMATOES_4","0.3787071241986888","4","all","TabDPT 6️⃣","2026-04-06T23:19:22.000Z","REG_TEXT_ROTTEN_TOMATOES","764","sweep-a100-1775517504-f7","finished"
"dpt_REG_TEXT_ROTTEN_TOMATOES_3","0.431537759369069","3","ft","TabDPT 6️⃣","2026-04-06T23:19:20.000Z","REG_TEXT_ROTTEN_TOMATOES","2674","sweep-a100-1775517499-f2","finished"
"dpt_REG_TEXT_ROTTEN_TOMATOES_3","0.41328721604264407","3","all","TabDPT 6️⃣","2026-04-06T23:19:19.000Z","REG_TEXT_ROTTEN_TOMATOES","768","sweep-a100-1775517501-f4","finished"
"dpt_REG_TEXT_ROTTEN_TOMATOES_2","0.46157283678058114","2","ft","TabDPT 6️⃣","2026-04-06T23:19:11.000Z","REG_TEXT_ROTTEN_TOMATOES","4332","sweep-a100-1775517498-f1","finished"
"dpt_REG_TEXT_ROTTEN_TOMATOES_2","0.4163216992810831","2","all","TabDPT 6️⃣","2026-04-06T23:18:10.000Z","REG_TEXT_ROTTEN_TOMATOES","634","sweep-a100-1775496435-18","finished"
"dpt_REG_TEXT_ROTTEN_TOMATOES_1","0.48232618301261887","1","ft","TabDPT 6️⃣","2026-04-06T23:16:14.000Z","REG_TEXT_ROTTEN_TOMATOES","3384","sweep-a100-1775517302-m5","finished"
"dpt_REG_TEXT_ROTTEN_TOMATOES_1","0.43997538638531586","1","all","TabDPT 6️⃣","2026-04-06T23:16:08.000Z","REG_TEXT_ROTTEN_TOMATOES","768","sweep-a100-1775517301-m4","finished"
"dpt_REG_TEXT_ROTTEN_TOMATOES_0","0.4224197778938307","0","all","TabDPT 6️⃣","2026-04-06T23:15:12.000Z","REG_TEXT_ROTTEN_TOMATOES","635","sweep-a100-1775494421-9","finished"
"dpt_REG_TEXT_SCIMAGOJR_IMPACT_4","0.8300503492355347","4","ft","TabDPT 6️⃣","2026-04-06T23:10:08.000Z","REG_TEXT_SCIMAGOJR_IMPACT","7905","sweep-a100-1775508389-z5","finished"
"dpt_REG_TEXT_SCIMAGOJR_IMPACT_4","0.7946698069572449","4","all","TabDPT 6️⃣","2026-04-06T23:07:49.000Z","REG_TEXT_SCIMAGOJR_IMPACT","1029","sweep-a100-1775496456-19","finished"
"dpt_REG_TEXT_SCIMAGOJR_IMPACT_3","0.7926271557807922","3","all","TabDPT 6️⃣","2026-04-06T23:05:14.000Z","REG_TEXT_SCIMAGOJR_IMPACT","1024","sweep-a100-1775494480-12","finished"
"dpt_REG_TEXT_SCIMAGOJR_IMPACT_2","0.8037911653518677","2","ft","TabDPT 6️⃣","2026-04-06T23:01:32.000Z","REG_TEXT_SCIMAGOJR_IMPACT","4637","sweep-a100-1775511578-m6","finished"
"dpt_REG_TEXT_SCIMAGOJR_IMPACT_2","0.7720526456832886","2","all","TabDPT 6️⃣","2026-04-06T22:58:57.000Z","REG_TEXT_SCIMAGOJR_IMPACT","969","sweep-a100-1775494421-9","finished"
"dpt_REG_TEXT_SCIMAGOJR_IMPACT_1","0.8326374292373657","1","ft","TabDPT 6️⃣","2026-04-06T22:56:19.000Z","REG_TEXT_SCIMAGOJR_IMPACT","6669","sweep-a100-1775499763-x16","finished"
"dpt_REG_TEXT_SCIMAGOJR_IMPACT_1","0.7690790891647339","1","all","TabDPT 6️⃣","2026-04-06T22:54:22.000Z","REG_TEXT_SCIMAGOJR_IMPACT","1025","sweep-a100-1775503792-y6","finished"
"dpt_REG_TEXT_SCIMAGOJR_IMPACT_0","0.8218505382537842","0","all","TabDPT 6️⃣","2026-04-06T22:51:26.000Z","REG_TEXT_SCIMAGOJR_IMPACT","1158","sweep-a100-1775511672-m1","finished"
"dpt_REG_TEXT_MONTGOMERY_SALARIES_4","0.9280525889485398","4","all","TabDPT 6️⃣","2026-04-06T22:49:19.000Z","REG_TEXT_MONTGOMERY_SALARIES","414","sweep-a100-1775499763-x16","finished"
"dpt_REG_TEXT_MONTGOMERY_SALARIES_3","0.942371556202808","3","ft","TabDPT 6️⃣","2026-04-06T22:46:35.000Z","REG_TEXT_MONTGOMERY_SALARIES","3612","sweep-a100-1775511558-m5","finished"
"dpt_REG_TEXT_MONTGOMERY_SALARIES_3","0.9442680313855312","3","all","TabDPT 6️⃣","2026-04-06T22:45:01.000Z","REG_TEXT_MONTGOMERY_SALARIES","411","sweep-a100-1775494480-12","finished"
"dpt_REG_TEXT_MONTGOMERY_SALARIES_2","0.938758382458354","2","ft","TabDPT 6️⃣","2026-04-06T22:43:43.000Z","REG_TEXT_MONTGOMERY_SALARIES","2976","sweep-a100-1775511538-m4","finished"
"dpt_REG_TEXT_MONTGOMERY_SALARIES_2","0.9265742763782566","2","all","TabDPT 6️⃣","2026-04-06T22:42:41.000Z","REG_TEXT_MONTGOMERY_SALARIES","416","sweep-a100-1775494402-8","finished"
"dpt_REG_TEXT_MONTGOMERY_SALARIES_1","0.9117035929816149","1","all","TabDPT 6️⃣","2026-04-06T22:39:37.000Z","REG_TEXT_MONTGOMERY_SALARIES","415","sweep-a100-1775511558-m5","finished"
"dpt_REG_TEXT_MERCARI_MARKETPLACE_1","0.4290729083220914","1","all","TabDPT 6️⃣","2026-04-06T22:39:25.000Z","REG_TEXT_MERCARI_MARKETPLACE","807","sweep-a100-1775503830-y8","finished"
"dpt_REG_TEXT_BOOK_READABILITY_2","0.8127006489533857","2","ft","TabDPT 6️⃣","2026-04-06T22:37:06.000Z","REG_TEXT_BOOK_READABILITY","2455","sweep-a100-1775496435-18","finished"
"dpt_REG_TEXT_BOOK_PRICE_0","0.5671615401492369","0","all","TabDPT 6️⃣","2026-04-06T22:36:14.000Z","REG_TEXT_BOOK_PRICE","257","sweep-a100-1775511498-m2","finished"
"dpt_REG_TEXT_BABIES_PRICES_3","0.882934418754925","3","ft","TabDPT 6️⃣","2026-04-06T22:35:49.000Z","REG_TEXT_BABIES_PRICES","2930","sweep-a100-1775503811-y7","finished"
"dpt_REG_TEXT_BABIES_PRICES_1","0.9298935813313588","1","ft","TabDPT 6️⃣","2026-04-06T22:35:33.000Z","REG_TEXT_BABIES_PRICES","2932","sweep-a100-1775499641-x10","finished"
"dpt_MUL_TEXT_US_ACCIDENTS_4","0.9619381934330188","4","ft","TabDPT 6️⃣","2026-04-06T22:34:44.000Z","MUL_TEXT_US_ACCIDENTS","3236","sweep-a100-1775511644-m9","finished"
"dpt_MUL_TEXT_SPOTIFY_GENRES_3","0.8783464070651927","3","ft","TabDPT 6️⃣","2026-04-06T22:32:42.000Z","MUL_TEXT_SPOTIFY_GENRES","4615","sweep-a100-1775496415-17","finished"
"dpt_REG_IMAGE_PAINTING_PRICE_0","0.3933467330560856","0","ft","TabDPT 6️⃣","2026-04-06T22:27:52.000Z","REG_IMAGE_PAINTING_PRICE","1283","sweep-a100-1775499763-x16","finished"
"dpt_REG_IMAGE_PAINTING_PRICE_0","0.4139374705305915","0","all","TabDPT 6️⃣","2026-04-06T22:27:17.000Z","REG_IMAGE_PAINTING_PRICE","918","sweep-a100-1775494402-8","finished"
"dpt_REG_IMAGE_MKPHOTO_BOTS_4","0.4612691965382294","4","all","TabDPT 6️⃣","2026-04-06T22:27:11.000Z","REG_IMAGE_MKPHOTO_BOTS","593","sweep-a100-1775511623-m8","finished"
"dpt_REG_IMAGE_MKPHOTO_BOTS_1","0.44503202843488454","1","ft","TabDPT 6️⃣","2026-04-06T22:27:02.000Z","REG_IMAGE_MKPHOTO_BOTS","673","sweep-a100-1775510313-m2","finished"
"dpt_REG_IMAGE_HNM_FASHION_3","0.28537008921707885","3","all","TabDPT 6️⃣","2026-04-06T22:26:34.000Z","REG_IMAGE_HNM_FASHION","922","sweep-a100-1775511692-m2","finished"
"dpt_REG_IMAGE_HNM_FASHION_2","0.285369778178852","2","all","TabDPT 6️⃣","2026-04-06T22:24:44.000Z","REG_IMAGE_HNM_FASHION","736","sweep-a100-1775496435-18","finished"
"dpt_REG_IMAGE_AMAZON_PACKAGES_3","0.5746345871887703","3","all","TabDPT 6️⃣","2026-04-06T22:24:10.000Z","REG_IMAGE_AMAZON_PACKAGES","917","sweep-a100-1775511558-m5","finished"
"dpt_REG_IMAGE_AMAZON_PACKAGES_1","0.5284564959259277","1","ft","TabDPT 6️⃣","2026-04-06T22:24:06.000Z","REG_IMAGE_AMAZON_PACKAGES","915","sweep-a100-1775503830-y8","finished"
"dpt_REG_TEXT_MONTGOMERY_SALARIES_0","0.940524758454035","0","ft","TabDPT 6️⃣","2026-04-06T22:21:54.000Z","REG_TEXT_MONTGOMERY_SALARIES","3264","sweep-a100-1775511518-m3","finished"
"dpt_REG_TEXT_MONTGOMERY_SALARIES_0","0.9403608719016614","0","all","TabDPT 6️⃣","2026-04-06T22:20:18.000Z","REG_TEXT_MONTGOMERY_SALARIES","415","sweep-a100-1775494402-8","finished"
"dpt_REG_TEXT_MERCARI_MARKETPLACE_4","0.4726579684140013","4","ft","TabDPT 6️⃣","2026-04-06T22:18:25.000Z","REG_TEXT_MERCARI_MARKETPLACE","2849","sweep-a100-1775499580-x7","finished"
"dpt_REG_TEXT_MERCARI_MARKETPLACE_4","0.4754912701349142","4","all","TabDPT 6️⃣","2026-04-06T22:17:52.000Z","REG_TEXT_MERCARI_MARKETPLACE","808","sweep-a100-1775496325-13","finished"
"dpt_REG_TEXT_MERCARI_MARKETPLACE_3","0.4424828535610495","3","ft","TabDPT 6️⃣","2026-04-06T22:13:44.000Z","REG_TEXT_MERCARI_MARKETPLACE","4197","sweep-a100-1775503772-y5","finished"
"dpt_REG_TEXT_MERCARI_MARKETPLACE_3","0.4265085665295156","3","all","TabDPT 6️⃣","2026-04-06T22:13:26.000Z","REG_TEXT_MERCARI_MARKETPLACE","935","sweep-a100-1775508310-z1","finished"
"dpt_REG_TEXT_MERCARI_MARKETPLACE_2","0.5000349909382226","2","ft","TabDPT 6️⃣","2026-04-06T22:11:57.000Z","REG_TEXT_MERCARI_MARKETPLACE","2779","sweep-a100-1775511601-m7","finished"
"dpt_REG_TEXT_MERCARI_MARKETPLACE_2","0.470204099427494","2","all","TabDPT 6️⃣","2026-04-06T22:11:33.000Z","REG_TEXT_MERCARI_MARKETPLACE","921","sweep-a100-1775510313-m2","finished"
"dpt_REG_TEXT_MERCARI_MARKETPLACE_1","0.43842421486705097","1","ft","TabDPT 6️⃣","2026-04-06T22:08:28.000Z","REG_TEXT_MERCARI_MARKETPLACE","3021","sweep-a100-1775494421-9","finished"
"dpt_REG_TEXT_MERCARI_MARKETPLACE_0","0.46170732463603226","0","ft","TabDPT 6️⃣","2026-04-06T22:06:59.000Z","REG_TEXT_MERCARI_MARKETPLACE","3530","sweep-a100-1775496512-22","finished"
"dpt_REG_TEXT_MERCARI_MARKETPLACE_0","0.4434377964327071","0","all","TabDPT 6️⃣","2026-04-06T22:06:40.000Z","REG_TEXT_MERCARI_MARKETPLACE","812","sweep-a100-1775494402-8","finished"
"dpt_REG_TEXT_BOOK_READABILITY_4","0.7959594721920236","4","ft","TabDPT 6️⃣","2026-04-06T22:05:37.000Z","REG_TEXT_BOOK_READABILITY","1802","sweep-a100-1775503811-y7","finished"
"dpt_REG_TEXT_BOOK_READABILITY_4","0.8051193638269772","4","all","TabDPT 6️⃣","2026-04-06T22:04:36.000Z","REG_TEXT_BOOK_READABILITY","356","sweep-a100-1775510292-m1","finished"
"dpt_REG_TEXT_BOOK_READABILITY_3","0.791726184503365","3","ft","TabDPT 6️⃣","2026-04-06T22:02:47.000Z","REG_TEXT_BOOK_READABILITY","2524","sweep-a100-1775494480-12","finished"
"dpt_REG_TEXT_BOOK_READABILITY_3","0.7925428493609462","3","all","TabDPT 6️⃣","2026-04-06T22:02:34.000Z","REG_TEXT_BOOK_READABILITY","345","sweep-a100-1775494421-9","finished"
"dpt_REG_TEXT_BOOK_READABILITY_2","0.8116512904111021","2","all","TabDPT 6️⃣","2026-04-06T22:01:41.000Z","REG_TEXT_BOOK_READABILITY","347","sweep-a100-1775511538-m4","finished"
"dpt_REG_TEXT_BOOK_READABILITY_1","0.7629579301202557","1","ft","TabDPT 6️⃣","2026-04-06T22:00:10.000Z","REG_TEXT_BOOK_READABILITY","2162","sweep-a100-1775511578-m6","finished"
"dpt_REG_TEXT_BOOK_READABILITY_1","0.788404435783433","1","all","TabDPT 6️⃣","2026-04-06T22:00:06.000Z","REG_TEXT_BOOK_READABILITY","344","sweep-a100-1775503772-y5","finished"
"dpt_REG_TEXT_BOOK_READABILITY_0","0.7854720820982715","0","ft","TabDPT 6️⃣","2026-04-06T21:57:55.000Z","REG_TEXT_BOOK_READABILITY","2526","sweep-a100-1775499743-x15","finished"
"dpt_REG_TEXT_BOOK_READABILITY_0","0.7643294666082987","0","all","TabDPT 6️⃣","2026-04-06T21:57:13.000Z","REG_TEXT_BOOK_READABILITY","347","sweep-a100-1775494402-8","finished"
"dpt_REG_TEXT_BOOK_PRICE_4","0.5430616090014242","4","ft","TabDPT 6️⃣","2026-04-06T21:56:48.000Z","REG_TEXT_BOOK_PRICE","1668","sweep-a100-1775496435-18","finished"
"dpt_REG_TEXT_BOOK_PRICE_4","0.4935206332323293","4","all","TabDPT 6️⃣","2026-04-06T21:56:44.000Z","REG_TEXT_BOOK_PRICE","341","sweep-a100-1775494421-9","finished"
"dpt_REG_TEXT_BOOK_PRICE_3","0.5632853437910343","3","ft","TabDPT 6️⃣","2026-04-06T21:54:47.000Z","REG_TEXT_BOOK_PRICE","2270","sweep-a100-1775499601-x8","finished"
"dpt_REG_TEXT_BOOK_PRICE_3","0.5423847751321286","3","all","TabDPT 6️⃣","2026-04-06T21:54:36.000Z","REG_TEXT_BOOK_PRICE","355","sweep-a100-1775511498-m2","finished"
"dpt_REG_TEXT_BOOK_PRICE_2","0.5633539607864626","2","ft","TabDPT 6️⃣","2026-04-06T21:53:15.000Z","REG_TEXT_BOOK_PRICE","1500","sweep-a100-1775499580-x7","finished"
"dpt_REG_TEXT_BOOK_PRICE_2","0.5638729843946682","2","all","TabDPT 6️⃣","2026-04-06T21:52:13.000Z","REG_TEXT_BOOK_PRICE","343","sweep-a100-1775499559-x6","finished"
"dpt_REG_TEXT_BOOK_PRICE_1","0.5983386908000323","1","ft","TabDPT 6️⃣","2026-04-06T21:51:17.000Z","REG_TEXT_BOOK_PRICE","1948","sweep-a100-1775499622-x9","finished"
"dpt_REG_TEXT_BOOK_PRICE_1","0.575775344706535","1","all","TabDPT 6️⃣","2026-04-06T21:50:59.000Z","REG_TEXT_BOOK_PRICE","341","sweep-a100-1775496435-18","finished"
"dpt_REG_TEXT_BOOK_PRICE_0","0.5628392690234332","0","ft","TabDPT 6️⃣","2026-04-06T21:49:14.000Z","REG_TEXT_BOOK_PRICE","1436","sweep-a100-1775503792-y6","finished"
"dpt_REG_TEXT_BABIES_PRICES_4","0.8657961182867115","4","ft","TabDPT 6️⃣","2026-04-06T21:47:14.000Z","REG_TEXT_BABIES_PRICES","2844","sweep-a100-1775511644-m9","finished"
"dpt_REG_TEXT_BABIES_PRICES_4","0.8482876870010179","4","all","TabDPT 6️⃣","2026-04-06T21:46:53.000Z","REG_TEXT_BABIES_PRICES","312","sweep-a100-1775503830-y8","finished"
"dpt_REG_TEXT_BABIES_PRICES_3","0.845203264324157","3","all","TabDPT 6️⃣","2026-04-06T21:45:05.000Z","REG_TEXT_BABIES_PRICES","315","sweep-a100-1775511518-m3","finished"
"dpt_REG_TEXT_BABIES_PRICES_2","0.8958088717226833","2","ft","TabDPT 6️⃣","2026-04-06T21:44:24.000Z","REG_TEXT_BABIES_PRICES","2933","sweep-a100-1775510335-m3","finished"
"dpt_REG_TEXT_BABIES_PRICES_2","0.8506924010048287","2","all","TabDPT 6️⃣","2026-04-06T21:43:55.000Z","REG_TEXT_BABIES_PRICES","313","sweep-a100-1775503792-y6","finished"
"dpt_REG_TEXT_BABIES_PRICES_1","0.895679005337926","1","all","TabDPT 6️⃣","2026-04-06T21:42:41.000Z","REG_TEXT_BABIES_PRICES","313","sweep-a100-1775499680-x12","finished"
"dpt_REG_TEXT_BABIES_PRICES_0","0.90496205457879","0","ft","TabDPT 6️⃣","2026-04-06T21:41:58.000Z","REG_TEXT_BABIES_PRICES","2952","sweep-a100-1775511672-m1","finished"
"dpt_REG_TEXT_BABIES_PRICES_0","0.8477296499084759","0","all","TabDPT 6️⃣","2026-04-06T21:41:36.000Z","REG_TEXT_BABIES_PRICES","330","sweep-a100-1775511644-m9","finished"
"dpt_MUL_TEXT_WOMEN_CLOTHING_REVIEW_4","0.9045519542583208","4","ft","TabDPT 6️⃣","2026-04-06T21:40:50.000Z","MUL_TEXT_WOMEN_CLOTHING_REVIEW","1858","sweep-a100-1775511601-m7","finished"
"dpt_MUL_TEXT_WOMEN_CLOTHING_REVIEW_4","0.8994585583669604","4","all","TabDPT 6️⃣","2026-04-06T21:40:38.000Z","MUL_TEXT_WOMEN_CLOTHING_REVIEW","190","sweep-a100-1775503792-y6","finished"
"dpt_MUL_TEXT_WOMEN_CLOTHING_REVIEW_3","0.9019252249801714","3","ft","TabDPT 6️⃣","2026-04-06T21:39:50.000Z","MUL_TEXT_WOMEN_CLOTHING_REVIEW","1302","sweep-a100-1775511538-m4","finished"
"dpt_MUL_TEXT_WOMEN_CLOTHING_REVIEW_3","0.8971396834003214","3","all","TabDPT 6️⃣","2026-04-06T21:39:30.000Z","MUL_TEXT_WOMEN_CLOTHING_REVIEW","325","sweep-a100-1775511518-m3","finished"
"dpt_MUL_TEXT_WOMEN_CLOTHING_REVIEW_2","0.9157654982804964","2","ft","TabDPT 6️⃣","2026-04-06T21:36:40.000Z","MUL_TEXT_WOMEN_CLOTHING_REVIEW","1229","sweep-a100-1775494402-8","finished"
"dpt_MUL_TEXT_WOMEN_CLOTHING_REVIEW_2","0.9082375226828748","2","all","TabDPT 6️⃣","2026-04-06T21:35:30.000Z","MUL_TEXT_WOMEN_CLOTHING_REVIEW","298","sweep-a100-1775503792-y6","finished"
"dpt_MUL_TEXT_WOMEN_CLOTHING_REVIEW_1","0.9047539501612168","1","ft","TabDPT 6️⃣","2026-04-06T21:27:55.000Z","MUL_TEXT_WOMEN_CLOTHING_REVIEW","996","sweep-a100-1775503830-y8","finished"
"dpt_MUL_TEXT_WOMEN_CLOTHING_REVIEW_1","0.9028448341465","1","all","TabDPT 6️⃣","2026-04-06T21:25:51.000Z","MUL_TEXT_WOMEN_CLOTHING_REVIEW","190","sweep-a100-1775496456-19","finished"
"dpt_MUL_TEXT_WOMEN_CLOTHING_REVIEW_0","0.9105834391281612","0","ft","TabDPT 6️⃣","2026-04-06T21:22:46.000Z","MUL_TEXT_WOMEN_CLOTHING_REVIEW","1291","sweep-a100-1775510335-m3","finished"
"dpt_MUL_TEXT_WOMEN_CLOTHING_REVIEW_0","0.9069028398621988","0","all","TabDPT 6️⃣","2026-04-06T21:21:44.000Z","MUL_TEXT_WOMEN_CLOTHING_REVIEW","189","sweep-a100-1775499680-x12","finished"
"dpt_MUL_TEXT_WINE_REVIEW_4","0.9564861269561752","4","ft","TabDPT 6️⃣","2026-04-06T21:19:27.000Z","MUL_TEXT_WINE_REVIEW","3119","sweep-a100-1775510313-m2","finished"
"dpt_MUL_TEXT_WINE_REVIEW_4","0.94367944723844","4","all","TabDPT 6️⃣","2026-04-06T21:19:21.000Z","MUL_TEXT_WINE_REVIEW","248","sweep-a100-1775496456-19","finished"
"dpt_MUL_TEXT_WINE_REVIEW_3","0.9559479186811668","3","ft","TabDPT 6️⃣","2026-04-06T21:18:06.000Z","MUL_TEXT_WINE_REVIEW","3108","sweep-a100-1775496325-13","finished"
"dpt_MUL_TEXT_WINE_REVIEW_3","0.9412134517443806","3","all","TabDPT 6️⃣","2026-04-06T21:17:31.000Z","MUL_TEXT_WINE_REVIEW","247","sweep-a100-1775499680-x12","finished"
"dpt_MUL_TEXT_WINE_REVIEW_2","0.9532003906139678","2","ft","TabDPT 6️⃣","2026-04-06T21:15:04.000Z","MUL_TEXT_WINE_REVIEW","3109","sweep-a100-1775496512-22","finished"
"dpt_MUL_TEXT_WINE_REVIEW_2","0.9403877071294692","2","all","TabDPT 6️⃣","2026-04-06T21:13:53.000Z","MUL_TEXT_WINE_REVIEW","249","sweep-a100-1775496325-13","finished"
"dpt_MUL_TEXT_WINE_REVIEW_1","0.9530503982202186","1","ft","TabDPT 6️⃣","2026-04-06T21:10:56.000Z","MUL_TEXT_WINE_REVIEW","3106","sweep-a100-1775494480-12","finished"
"dpt_MUL_TEXT_WINE_REVIEW_1","0.9426124116626728","1","all","TabDPT 6️⃣","2026-04-06T21:10:51.000Z","MUL_TEXT_WINE_REVIEW","249","sweep-a100-1775496512-22","finished"
"dpt_MUL_TEXT_WINE_REVIEW_0","0.945516589504342","0","ft","TabDPT 6️⃣","2026-04-06T21:08:14.000Z","MUL_TEXT_WINE_REVIEW","3105","sweep-a100-1775503772-y5","finished"
"dpt_MUL_TEXT_WINE_REVIEW_0","0.931295772876685","0","all","TabDPT 6️⃣","2026-04-06T21:06:44.000Z","MUL_TEXT_WINE_REVIEW","247","sweep-a100-1775494480-12","finished"
"dpt_MUL_TEXT_US_ACCIDENTS_4","0.9395449587528092","4","all","TabDPT 6️⃣","2026-04-06T21:03:26.000Z","MUL_TEXT_US_ACCIDENTS","577","sweep-a100-1775499680-x12","finished"
"dpt_MUL_TEXT_US_ACCIDENTS_3","0.94381820788752","3","ft","TabDPT 6️⃣","2026-04-06T21:00:59.000Z","MUL_TEXT_US_ACCIDENTS","3132","sweep-a100-1775499580-x7","finished"
"dpt_MUL_TEXT_US_ACCIDENTS_3","0.9273053482605264","3","all","TabDPT 6️⃣","2026-04-06T20:58:53.000Z","MUL_TEXT_US_ACCIDENTS","582","sweep-a100-1775496512-22","finished"
"dpt_MUL_TEXT_US_ACCIDENTS_2","0.950885229510822","2","ft","TabDPT 6️⃣","2026-04-06T20:56:57.000Z","MUL_TEXT_US_ACCIDENTS","5910","sweep-a100-1775499641-x10","finished"
"dpt_MUL_TEXT_US_ACCIDENTS_2","0.926775460750592","2","all","TabDPT 6️⃣","2026-04-06T20:56:37.000Z","MUL_TEXT_US_ACCIDENTS","691","sweep-a100-1775503772-y5","finished"
"dpt_MUL_TEXT_US_ACCIDENTS_1","0.957137952110093","1","ft","TabDPT 6️⃣","2026-04-06T20:52:55.000Z","MUL_TEXT_US_ACCIDENTS","4143","sweep-a100-1775503811-y7","finished"
"dpt_MUL_TEXT_US_ACCIDENTS_1","0.9358818267500938","1","all","TabDPT 6️⃣","2026-04-06T20:52:08.000Z","MUL_TEXT_US_ACCIDENTS","579","sweep-a100-1775494183-5","finished"
"dpt_MUL_TEXT_US_ACCIDENTS_0","0.9559096927517255","0","ft","TabDPT 6️⃣","2026-04-06T20:50:03.000Z","MUL_TEXT_US_ACCIDENTS","5656","sweep-a100-1775496415-17","finished"
"dpt_MUL_TEXT_US_ACCIDENTS_0","0.9250631622067886","0","all","TabDPT 6️⃣","2026-04-06T20:49:02.000Z","MUL_TEXT_US_ACCIDENTS","581","sweep-a100-1775496475-20","finished"
"dpt_MUL_TEXT_SPOTIFY_GENRES_4","0.8775318150488887","4","ft","TabDPT 6️⃣","2026-04-06T20:47:21.000Z","MUL_TEXT_SPOTIFY_GENRES","4748","sweep-a100-1775508389-z5","finished"
"dpt_MUL_TEXT_SPOTIFY_GENRES_4","0.8675476425846641","4","all","TabDPT 6️⃣","2026-04-06T20:47:02.000Z","MUL_TEXT_SPOTIFY_GENRES","497","sweep-a100-1775508369-z4","finished"
"dpt_MUL_TEXT_SPOTIFY_GENRES_3","0.8603358688346865","3","all","TabDPT 6️⃣","2026-04-06T20:46:08.000Z","MUL_TEXT_SPOTIFY_GENRES","356","sweep-a100-1775494183-5","finished"
"dpt_MUL_TEXT_SPOTIFY_GENRES_2","0.8726058451041957","2","ft","TabDPT 6️⃣","2026-04-06T20:45:08.000Z","MUL_TEXT_SPOTIFY_GENRES","4612","sweep-a100-1775503752-y4","finished"
"dpt_MUL_TEXT_SPOTIFY_GENRES_2","0.8647134981522557","2","all","TabDPT 6️⃣","2026-04-06T20:45:01.000Z","MUL_TEXT_SPOTIFY_GENRES","467","sweep-a100-1775503811-y7","finished"
"dpt_MUL_TEXT_SPOTIFY_GENRES_1","0.8691594893570506","1","ft","TabDPT 6️⃣","2026-04-06T20:44:34.000Z","MUL_TEXT_SPOTIFY_GENRES","4620","sweep-a100-1775497803-r2","finished"
"dpt_MUL_TEXT_SPOTIFY_GENRES_1","0.8551844584259178","1","all","TabDPT 6️⃣","2026-04-06T20:44:18.000Z","MUL_TEXT_SPOTIFY_GENRES","356","sweep-a100-1775496512-22","finished"
"dpt_MUL_TEXT_SPOTIFY_GENRES_0","0.873719250828279","0","ft","TabDPT 6️⃣","2026-04-06T20:40:55.000Z","MUL_TEXT_SPOTIFY_GENRES","4615","sweep-a100-1775499743-x15","finished"
"dpt_MUL_TEXT_SPOTIFY_GENRES_0","0.8578411350492098","0","all","TabDPT 6️⃣","2026-04-06T20:40:32.000Z","MUL_TEXT_SPOTIFY_GENRES","355","sweep-a100-1775496415-17","finished"
"dpt_MUL_TEXT_PRODUCT_SENTIMENT_4","0.9187707152299648","4","all","TabDPT 6️⃣","2026-04-06T20:38:24.000Z","MUL_TEXT_PRODUCT_SENTIMENT","145","sweep-a100-1775499743-x15","finished"
"dpt_MUL_TEXT_PRODUCT_SENTIMENT_4","0.9021309999315724","4","ft","TabDPT 6️⃣","2026-04-06T20:38:24.000Z","MUL_TEXT_PRODUCT_SENTIMENT","412","sweep-a100-1775499601-x8","finished"
"dpt_MUL_TEXT_PRODUCT_SENTIMENT_3","0.9245823873096354","3","ft","TabDPT 6️⃣","2026-04-06T20:37:38.000Z","MUL_TEXT_PRODUCT_SENTIMENT","506","sweep-a100-1775494183-5","finished"
"dpt_MUL_TEXT_PRODUCT_SENTIMENT_3","0.9174456062001723","3","all","TabDPT 6️⃣","2026-04-06T20:36:42.000Z","MUL_TEXT_PRODUCT_SENTIMENT","149","sweep-a100-1775499763-x16","finished"
"dpt_MUL_TEXT_PRODUCT_SENTIMENT_2","0.9267245955645612","2","ft","TabDPT 6️⃣","2026-04-06T20:35:51.000Z","MUL_TEXT_PRODUCT_SENTIMENT","525","sweep-a100-1775499559-x6","finished"
"dpt_MUL_TEXT_PRODUCT_SENTIMENT_2","0.9261062007040792","2","all","TabDPT 6️⃣","2026-04-06T20:35:06.000Z","MUL_TEXT_PRODUCT_SENTIMENT","145","sweep-a100-1775494183-5","finished"
"dpt_MUL_TEXT_PRODUCT_SENTIMENT_1","0.9223454945794526","1","ft","TabDPT 6️⃣","2026-04-06T20:33:58.000Z","MUL_TEXT_PRODUCT_SENTIMENT","635","sweep-a100-1775503772-y5","finished"
"dpt_MUL_TEXT_PRODUCT_SENTIMENT_1","0.9121162107090992","1","all","TabDPT 6️⃣","2026-04-06T20:33:36.000Z","MUL_TEXT_PRODUCT_SENTIMENT","146","sweep-a100-1775496512-22","finished"
"dpt_MUL_TEXT_PRODUCT_SENTIMENT_0","0.9134332235559048","0","ft","TabDPT 6️⃣","2026-04-06T20:32:37.000Z","MUL_TEXT_PRODUCT_SENTIMENT","497","sweep-a100-1775497803-r2","finished"
"dpt_MUL_TEXT_PRODUCT_SENTIMENT_0","0.9127423306990828","0","all","TabDPT 6️⃣","2026-04-06T20:32:11.000Z","MUL_TEXT_PRODUCT_SENTIMENT","145","sweep-a100-1775496415-17","finished"
"dpt_MUL_TEXT_MICHELIN_RESTAURANTS_4","0.8708656110043747","4","ft","TabDPT 6️⃣","2026-04-06T20:30:55.000Z","MUL_TEXT_MICHELIN_RESTAURANTS","3410","sweep-a100-1775503830-y8","finished"
"dpt_MUL_TEXT_MICHELIN_RESTAURANTS_4","0.8498595018158586","4","all","TabDPT 6️⃣","2026-04-06T20:30:44.000Z","MUL_TEXT_MICHELIN_RESTAURANTS","414","sweep-a100-1775499601-x8","finished"
"dpt_MUL_TEXT_MICHELIN_RESTAURANTS_3","0.8685940789366284","3","ft","TabDPT 6️⃣","2026-04-06T20:29:58.000Z","MUL_TEXT_MICHELIN_RESTAURANTS","2629","sweep-a100-1775496325-13","finished"
"dpt_MUL_TEXT_MICHELIN_RESTAURANTS_3","0.8510432742112208","3","all","TabDPT 6️⃣","2026-04-06T20:28:52.000Z","MUL_TEXT_MICHELIN_RESTAURANTS","416","sweep-a100-1775499559-x6","finished"
"dpt_MUL_TEXT_MICHELIN_RESTAURANTS_2","0.8814714790643834","2","ft","TabDPT 6️⃣","2026-04-06T20:24:08.000Z","MUL_TEXT_MICHELIN_RESTAURANTS","3305","sweep-a100-1775496456-19","finished"
"dpt_MUL_TEXT_MICHELIN_RESTAURANTS_2","0.8591555307583615","2","all","TabDPT 6️⃣","2026-04-06T20:23:59.000Z","MUL_TEXT_MICHELIN_RESTAURANTS","416","sweep-a100-1775499743-x15","finished"
"dpt_MUL_TEXT_MICHELIN_RESTAURANTS_1","0.8712279159981108","1","ft","TabDPT 6️⃣","2026-04-06T20:22:23.000Z","MUL_TEXT_MICHELIN_RESTAURANTS","2457","sweep-a100-1775499680-x12","finished"
"dpt_MUL_TEXT_MICHELIN_RESTAURANTS_1","0.8477664423397597","1","all","TabDPT 6️⃣","2026-04-06T20:19:18.000Z","MUL_TEXT_MICHELIN_RESTAURANTS","413","sweep-a100-1775496415-17","finished"
"dpt_MUL_TEXT_MICHELIN_RESTAURANTS_0","0.8829143121079095","0","ft","TabDPT 6️⃣","2026-04-06T20:17:19.000Z","MUL_TEXT_MICHELIN_RESTAURANTS","3655","sweep-a100-1775494402-8","finished"
"dpt_MUL_TEXT_MICHELIN_RESTAURANTS_0","0.8605571712370802","0","all","TabDPT 6️⃣","2026-04-06T20:17:04.000Z","MUL_TEXT_MICHELIN_RESTAURANTS","417","sweep-a100-1775496456-19","finished"
"dpt_MUL_TEXT_DATA_SCIENTIST_SALARY_4","0.860048974539485","4","ft","TabDPT 6️⃣","2026-04-06T20:06:55.000Z","MUL_TEXT_DATA_SCIENTIST_SALARY","3452","sweep-a100-1775494480-12","finished"
"dpt_MUL_TEXT_DATA_SCIENTIST_SALARY_4","0.8593890949491133","4","all","TabDPT 6️⃣","2026-04-06T20:06:05.000Z","MUL_TEXT_DATA_SCIENTIST_SALARY","346","sweep-a100-1775503732-y3","finished"
"dpt_MUL_TEXT_DATA_SCIENTIST_SALARY_3","0.8563667135635727","3","ft","TabDPT 6️⃣","2026-04-06T20:05:43.000Z","MUL_TEXT_DATA_SCIENTIST_SALARY","3310","sweep-a100-1775499580-x7","finished"
"dpt_MUL_TEXT_DATA_SCIENTIST_SALARY_3","0.8518458917118036","3","all","TabDPT 6️⃣","2026-04-06T20:05:22.000Z","MUL_TEXT_DATA_SCIENTIST_SALARY","342","sweep-a100-1775499559-x6","finished"
"dpt_MUL_TEXT_DATA_SCIENTIST_SALARY_2","0.8590077277031348","2","ft","TabDPT 6️⃣","2026-04-06T20:03:42.000Z","MUL_TEXT_DATA_SCIENTIST_SALARY","3187","sweep-a100-1775499641-x10","finished"
"dpt_MUL_TEXT_DATA_SCIENTIST_SALARY_2","0.8543532161790844","2","all","TabDPT 6️⃣","2026-04-06T20:03:13.000Z","MUL_TEXT_DATA_SCIENTIST_SALARY","340","sweep-a100-1775494183-5","finished"
"dpt_BIN_TEXT_FAKE_JOB_POSTING_3","0.9489103618421052","3","ft","TabDPT 6️⃣","2026-04-06T20:03:12.000Z","BIN_TEXT_FAKE_JOB_POSTING","1607","sweep-a100-1775499763-x16","finished"
"dpt_BIN_TEXT_FAKE_JOB_POSTING_1","0.9231966635338346","1","ft","TabDPT 6️⃣","2026-04-06T20:03:08.000Z","BIN_TEXT_FAKE_JOB_POSTING","1607","sweep-a100-1775496325-13","finished"
"dpt_REG_IMAGE_AMAZON_PACKAGES_0","0.6130756890412118","0","ft","TabDPT 6️⃣","2026-04-06T20:01:55.000Z","REG_IMAGE_AMAZON_PACKAGES","900","sweep-a100-1775496456-19","finished"
"dpt_MUL_IMAGE_ZOOSCAN_ZOOPLANKTON_3","0.9881767566456444","3","ft","TabDPT 6️⃣","2026-04-06T20:01:27.000Z","MUL_IMAGE_ZOOSCAN_ZOOPLANKTON","272","sweep-a100-1775503732-y3","finished"
"dpt_MUL_IMAGE_ZOOSCAN_ZOOPLANKTON_3","0.9863597000336594","3","all","TabDPT 6️⃣","2026-04-06T19:59:38.000Z","MUL_IMAGE_ZOOSCAN_ZOOPLANKTON","155","sweep-a100-1775496494-21","finished"
"dpt_MUL_IMAGE_ZOOSCAN_ZOOPLANKTON_2","0.9897837831476434","2","all","TabDPT 6️⃣","2026-04-06T19:59:09.000Z","MUL_IMAGE_ZOOSCAN_ZOOPLANKTON","264","sweep-a100-1775499641-x10","finished"
"dpt_MUL_IMAGE_JUSTIN_INSTAGRAM_2","0.9770333764540816","2","ft","TabDPT 6️⃣","2026-04-06T19:58:58.000Z","MUL_IMAGE_JUSTIN_INSTAGRAM","1141","sweep-a100-1775503887-y11","finished"
"dpt_MUL_IMAGE_JUSTIN_INSTAGRAM_1","0.9558073906239216","1","ft","TabDPT 6️⃣","2026-04-06T19:58:27.000Z","MUL_IMAGE_JUSTIN_INSTAGRAM","1072","sweep-a100-1775499680-x12","finished"
"dpt_MUL_IMAGE_HUBMAP_HPA_1","0.9727262973266072","1","ft","TabDPT 6️⃣","2026-04-06T19:57:31.000Z","MUL_IMAGE_HUBMAP_HPA","734","sweep-a100-1775503848-y9","finished"
"dpt_MUL_IMAGE_HUBMAP_HPA_0","0.97587584206458","0","ft","TabDPT 6️⃣","2026-04-06T19:57:06.000Z","MUL_IMAGE_HUBMAP_HPA","671","sweep-a100-1775494402-8","finished"
"dpt_MUL_IMAGE_HUBMAP_HPA_0","0.9617340296959782","0","all","TabDPT 6️⃣","2026-04-06T19:57:04.000Z","MUL_IMAGE_HUBMAP_HPA","359","sweep-a100-1775496325-13","finished"
"dpt_MUL_IMAGE_GLAUCOMA_SMDG_4","0.9289237717353463","4","all","TabDPT 6️⃣","2026-04-06T19:56:57.000Z","MUL_IMAGE_GLAUCOMA_SMDG","295","sweep-a100-1775496456-19","finished"
"dpt_MUL_IMAGE_GLAUCOMA_SMDG_3","0.9567115660014208","3","all","TabDPT 6️⃣","2026-04-06T19:56:44.000Z","MUL_IMAGE_GLAUCOMA_SMDG","294","sweep-a100-1775499601-x8","finished"
"dpt_MUL_IMAGE_GLAUCOMA_SMDG_2","0.9361938135626978","2","all","TabDPT 6️⃣","2026-04-06T19:56:37.000Z","MUL_IMAGE_GLAUCOMA_SMDG","297","sweep-a100-1775499763-x16","finished"
"dpt_MUL_IMAGE_GLAUCOMA_SMDG_1","0.9360945097385984","1","ft","TabDPT 6️⃣","2026-04-06T19:55:52.000Z","MUL_IMAGE_GLAUCOMA_SMDG","600","sweep-a100-1775496475-20","finished"
"dpt_MUL_IMAGE_GLAUCOMA_SMDG_0","0.9465395965396364","0","ft","TabDPT 6️⃣","2026-04-06T19:55:43.000Z","MUL_IMAGE_GLAUCOMA_SMDG","442","sweep-a100-1775494183-5","finished"
"dpt_MUL_IMAGE_CSGO_SKIN_PRICE_2","0.9065496276029792","2","ft","TabDPT 6️⃣","2026-04-06T19:54:26.000Z","MUL_IMAGE_CSGO_SKIN_PRICE","126","sweep-a100-1775499763-x16","finished"
"dpt_MUL_IMAGE_CHEXPERT_2","0.8171416484715116","2","ft","TabDPT 6️⃣","2026-04-06T19:54:03.000Z","MUL_IMAGE_CHEXPERT","434","sweep-a100-1775503732-y3","finished"
"dpt_MUL_IMAGE_CBIS_DDSM_3","0.8925468210827935","3","all","TabDPT 6️⃣","2026-04-06T19:54:02.000Z","MUL_IMAGE_CBIS_DDSM","489","sweep-a100-1775496512-22","finished"
"dpt_BIN_IMAGE_MAMMOGRAPHY_CMMD_4","0.7826872822299651","4","ft","TabDPT 6️⃣","2026-04-06T19:52:58.000Z","BIN_IMAGE_MAMMOGRAPHY_CMMD","494","sweep-a100-1775499622-x9","finished"
"dpt_BIN_IMAGE_MAMMOGRAPHY_CMMD_4","0.7953179442508711","4","all","TabDPT 6️⃣","2026-04-06T19:52:53.000Z","BIN_IMAGE_MAMMOGRAPHY_CMMD","246","sweep-a100-1775494402-8","finished"
"dpt_BIN_IMAGE_MAMMOGRAPHY_CMMD_3","0.7883275261324042","3","ft","TabDPT 6️⃣","2026-04-06T19:52:47.000Z","BIN_IMAGE_MAMMOGRAPHY_CMMD","388","sweep-a100-1775496435-18","finished"
"dpt_BIN_IMAGE_MAMMOGRAPHY_CMMD_3","0.7539634146341463","3","all","TabDPT 6️⃣","2026-04-06T19:52:36.000Z","BIN_IMAGE_MAMMOGRAPHY_CMMD","245","sweep-a100-1775499601-x8","finished"
"dpt_BIN_IMAGE_MAMMOGRAPHY_CMMD_2","0.7894163763066202","2","ft","TabDPT 6️⃣","2026-04-06T19:52:32.000Z","BIN_IMAGE_MAMMOGRAPHY_CMMD","514","sweep-a100-1775503752-y4","finished"
"dpt_BIN_IMAGE_MAMMOGRAPHY_CMMD_2","0.7773301393728222","2","all","TabDPT 6️⃣","2026-04-06T19:52:23.000Z","BIN_IMAGE_MAMMOGRAPHY_CMMD","355","sweep-a100-1775499680-x12","finished"
"dpt_BIN_IMAGE_MAMMOGRAPHY_CMMD_1","0.8023954703832753","1","ft","TabDPT 6️⃣","2026-04-06T19:52:04.000Z","BIN_IMAGE_MAMMOGRAPHY_CMMD","405","sweep-a100-1775503887-y11","finished"
"dpt_BIN_IMAGE_MAMMOGRAPHY_CMMD_1","0.7807273519163764","1","all","TabDPT 6️⃣","2026-04-06T19:51:39.000Z","BIN_IMAGE_MAMMOGRAPHY_CMMD","248","sweep-a100-1775496475-20","finished"
"dpt_BIN_IMAGE_MAMMOGRAPHY_CMMD_0","0.8099738675958188","0","ft","TabDPT 6️⃣","2026-04-06T19:50:23.000Z","BIN_IMAGE_MAMMOGRAPHY_CMMD","387","sweep-a100-1775496456-19","finished"
"dpt_BIN_IMAGE_MAMMOGRAPHY_CMMD_0","0.8120426829268292","0","all","TabDPT 6️⃣","2026-04-06T19:49:38.000Z","BIN_IMAGE_MAMMOGRAPHY_CMMD","244","sweep-a100-1775499580-x7","finished"
"dpt_BIN_IMAGE_HATEFUL_MEME_4","0.7447738371754647","4","ft","TabDPT 6️⃣","2026-04-06T19:48:51.000Z","BIN_IMAGE_HATEFUL_MEME","640","sweep-a100-1775496494-21","finished"
"dpt_BIN_IMAGE_HATEFUL_MEME_4","0.7361283802731202","4","all","TabDPT 6️⃣","2026-04-06T19:47:37.000Z","BIN_IMAGE_HATEFUL_MEME","402","sweep-a100-1775499763-x16","finished"
"dpt_BIN_IMAGE_HATEFUL_MEME_3","0.7843291834434738","3","ft","TabDPT 6️⃣","2026-04-06T19:44:46.000Z","BIN_IMAGE_HATEFUL_MEME","649","sweep-a100-1775494183-5","finished"
"dpt_BIN_IMAGE_HATEFUL_MEME_2","0.7805408436992398","2","ft","TabDPT 6️⃣","2026-04-06T19:42:48.000Z","BIN_IMAGE_HATEFUL_MEME","641","sweep-a100-1775499661-x11","finished"
"dpt_BIN_IMAGE_HATEFUL_MEME_1","0.7621811524806746","1","ft","TabDPT 6️⃣","2026-04-06T19:41:47.000Z","BIN_IMAGE_HATEFUL_MEME","660","sweep-a100-1775494402-8","finished"
"dpt_BIN_IMAGE_HATEFUL_MEME_1","0.7397156628800905","1","all","TabDPT 6️⃣","2026-04-06T19:41:37.000Z","BIN_IMAGE_HATEFUL_MEME","439","sweep-a100-1775503848-y9","finished"
"dpt_BIN_IMAGE_HATEFUL_MEME_0","0.7700858725615208","0","ft","TabDPT 6️⃣","2026-04-06T19:40:37.000Z","BIN_IMAGE_HATEFUL_MEME","678","sweep-a100-1775503887-y11","finished"
"dpt_BIN_IMAGE_HATEFUL_MEME_0","0.7444140507193084","0","all","TabDPT 6️⃣","2026-04-06T19:40:22.000Z","BIN_IMAGE_HATEFUL_MEME","428","sweep-a100-1775499763-x16","finished"
"dpt_BIN_IMAGE_CELEB_ATTRACTIVENESS_4","0.9205629778152644","4","ft","TabDPT 6️⃣","2026-04-06T19:39:49.000Z","BIN_IMAGE_CELEB_ATTRACTIVENESS","235","sweep-a100-1775496512-22","finished"
"dpt_BIN_IMAGE_CELEB_ATTRACTIVENESS_3","0.9090528889782696","3","ft","TabDPT 6️⃣","2026-04-06T19:39:16.000Z","BIN_IMAGE_CELEB_ATTRACTIVENESS","206","sweep-a100-1775499661-x11","finished"
"dpt_BIN_IMAGE_CELEB_ATTRACTIVENESS_2","0.916542851168268","2","ft","TabDPT 6️⃣","2026-04-06T19:37:54.000Z","BIN_IMAGE_CELEB_ATTRACTIVENESS","263","sweep-a100-1775496494-21","finished"
"dpt_BIN_IMAGE_CELEB_ATTRACTIVENESS_1","0.9091179233814688","1","ft","TabDPT 6️⃣","2026-04-06T19:37:19.000Z","BIN_IMAGE_CELEB_ATTRACTIVENESS","262","sweep-a100-1775494402-8","finished"
"dpt_BIN_IMAGE_CELEB_ATTRACTIVENESS_1","0.9032178022173728","1","all","TabDPT 6️⃣","2026-04-06T19:36:54.000Z","BIN_IMAGE_CELEB_ATTRACTIVENESS","128","sweep-a100-1775496475-20","finished"
"dpt_BIN_IMAGE_CELEB_ATTRACTIVENESS_0","0.9118803847235188","0","ft","TabDPT 6️⃣","2026-04-06T19:35:13.000Z","BIN_IMAGE_CELEB_ATTRACTIVENESS","377","sweep-a100-1775503848-y9","finished"
"dpt_BIN_IMAGE_CELEB_ATTRACTIVENESS_0","0.9074600463645272","0","all","TabDPT 6️⃣","2026-04-06T19:34:59.000Z","BIN_IMAGE_CELEB_ATTRACTIVENESS","144","sweep-a100-1775499559-x6","finished"
"dpt_MUL_TEXT_DATA_SCIENTIST_SALARY_1","0.8524914466734104","1","ft","TabDPT 6️⃣","2026-04-06T19:32:30.000Z","MUL_TEXT_DATA_SCIENTIST_SALARY","3599","sweep-a100-1775497803-r2","finished"
"dpt_MUL_TEXT_DATA_SCIENTIST_SALARY_1","0.8503514084931032","1","all","TabDPT 6️⃣","2026-04-06T19:32:22.000Z","MUL_TEXT_DATA_SCIENTIST_SALARY","483","sweep-a100-1775503887-y11","finished"
"dpt_REG_IMAGE_PAINTING_PRICE_4","0.36365048970549874","4","all","TabDPT 6️⃣","2026-04-06T19:29:56.000Z","REG_IMAGE_PAINTING_PRICE","954","sweep-a100-1775499680-x12","finished"
"dpt_REG_IMAGE_PAINTING_PRICE_3","0.2531439534337231","3","ft","TabDPT 6️⃣","2026-04-06T19:29:45.000Z","REG_IMAGE_PAINTING_PRICE","1448","sweep-a100-1775503732-y3","finished"
"dpt_REG_IMAGE_PAINTING_PRICE_3","0.2340478644668007","3","all","TabDPT 6️⃣","2026-04-06T19:29:33.000Z","REG_IMAGE_PAINTING_PRICE","910","sweep-a100-1775494183-5","finished"
"dpt_REG_IMAGE_PAINTING_PRICE_2","0.3067769682418816","2","all","TabDPT 6️⃣","2026-04-06T19:29:04.000Z","REG_IMAGE_PAINTING_PRICE","4549","sweep-a100-1775503811-y7","finished"
"dpt_REG_IMAGE_PAINTING_PRICE_1","0.3267400454027908","1","ft","TabDPT 6️⃣","2026-04-06T19:29:02.000Z","REG_IMAGE_PAINTING_PRICE","1275","sweep-a100-1775496456-19","finished"
"dpt_REG_IMAGE_MKPHOTO_BOTS_2","0.3966186533187898","2","ft","TabDPT 6️⃣","2026-04-06T19:27:04.000Z","REG_IMAGE_MKPHOTO_BOTS","610","sweep-a100-1775494402-8","finished"
"dpt_REG_IMAGE_MKPHOTO_BOTS_2","0.4074967716050938","2","all","TabDPT 6️⃣","2026-04-06T19:26:55.000Z","REG_IMAGE_MKPHOTO_BOTS","477","sweep-a100-1775499559-x6","finished"
"dpt_REG_IMAGE_MKPHOTO_BOTS_1","0.4120200968876133","1","all","TabDPT 6️⃣","2026-04-06T19:26:33.000Z","REG_IMAGE_MKPHOTO_BOTS","579","sweep-a100-1775499661-x11","finished"
"dpt_REG_IMAGE_MKPHOTO_BOTS_0","0.4072268211811776","0","all","TabDPT 6️⃣","2026-04-06T19:26:23.000Z","REG_IMAGE_MKPHOTO_BOTS","456","sweep-a100-1775496475-20","finished"
"dpt_REG_IMAGE_MANGO_MASS_4","0.6359269244882093","4","all","TabDPT 6️⃣","2026-04-06T19:25:43.000Z","REG_IMAGE_MANGO_MASS","22","sweep-a100-1775499622-x9","finished"
"dpt_REG_IMAGE_MANGO_MASS_3","0.7133164303390704","3","ft","TabDPT 6️⃣","2026-04-06T19:25:29.000Z","REG_IMAGE_MANGO_MASS","107","sweep-a100-1775499580-x7","finished"
"dpt_REG_IMAGE_MANGO_MASS_1","0.6413210121111996","1","all","TabDPT 6️⃣","2026-04-06T19:24:49.000Z","REG_IMAGE_MANGO_MASS","35","sweep-a100-1775499580-x7","finished"
"dpt_REG_IMAGE_MANGO_MASS_0","0.6972853932023735","0","ft","TabDPT 6️⃣","2026-04-06T19:24:40.000Z","REG_IMAGE_MANGO_MASS","139","sweep-a100-1775497803-r2","finished"
"dpt_REG_IMAGE_MANGO_MASS_0","0.63941045201292","0","all","TabDPT 6️⃣","2026-04-06T19:24:37.000Z","REG_IMAGE_MANGO_MASS","41","sweep-a100-1775499622-x9","finished"
"dpt_REG_IMAGE_LETTERBOXD_MOVIES_4","0.39573458086617985","4","ft","TabDPT 6️⃣","2026-04-06T19:22:05.000Z","REG_IMAGE_LETTERBOXD_MOVIES","651","sweep-a100-1775496494-21","finished"
"dpt_REG_IMAGE_LETTERBOXD_MOVIES_4","0.386239931477008","4","all","TabDPT 6️⃣","2026-04-06T19:21:18.000Z","REG_IMAGE_LETTERBOXD_MOVIES","555","sweep-a100-1775496415-17","finished"
"dpt_REG_IMAGE_LETTERBOXD_MOVIES_3","0.44238928268676825","3","ft","TabDPT 6️⃣","2026-04-06T19:20:39.000Z","REG_IMAGE_LETTERBOXD_MOVIES","757","sweep-a100-1775494421-9","finished"
"dpt_REG_IMAGE_LETTERBOXD_MOVIES_3","0.43132973464776514","3","all","TabDPT 6️⃣","2026-04-06T19:19:26.000Z","REG_IMAGE_LETTERBOXD_MOVIES","571","sweep-a100-1775496456-19","finished"
"dpt_REG_IMAGE_LETTERBOXD_MOVIES_1","0.3569865352550581","1","all","TabDPT 6️⃣","2026-04-06T19:18:57.000Z","REG_IMAGE_LETTERBOXD_MOVIES","559","sweep-a100-1775496512-22","finished"
"dpt_REG_IMAGE_LETTERBOXD_MOVIES_0","0.40004901367718537","0","ft","TabDPT 6️⃣","2026-04-06T19:18:38.000Z","REG_IMAGE_LETTERBOXD_MOVIES","650","sweep-a100-1775494183-5","finished"
"dpt_REG_IMAGE_LETTERBOXD_MOVIES_0","0.39650526059639846","0","all","TabDPT 6️⃣","2026-04-06T19:18:26.000Z","REG_IMAGE_LETTERBOXD_MOVIES","559","sweep-a100-1775499601-x8","finished"
"dpt_REG_IMAGE_KHAADI_CLOTHES_4","0.7238546013832092","4","all","TabDPT 6️⃣","2026-04-06T19:17:47.000Z","REG_IMAGE_KHAADI_CLOTHES","43","sweep-a100-1775494183-5","finished"
"dpt_REG_IMAGE_KHAADI_CLOTHES_3","0.7402198314666748","3","all","TabDPT 6️⃣","2026-04-06T19:17:15.000Z","REG_IMAGE_KHAADI_CLOTHES","65","sweep-a100-1775499601-x8","finished"
"dpt_REG_IMAGE_KHAADI_CLOTHES_2","0.6876113414764404","2","ft","TabDPT 6️⃣","2026-04-06T19:17:10.000Z","REG_IMAGE_KHAADI_CLOTHES","131","sweep-a100-1775496456-19","finished"
"dpt_REG_IMAGE_KHAADI_CLOTHES_2","0.7099705934524536","2","all","TabDPT 6️⃣","2026-04-06T19:16:56.000Z","REG_IMAGE_KHAADI_CLOTHES","43","sweep-a100-1775494183-5","finished"
"dpt_REG_IMAGE_KHAADI_CLOTHES_1","0.48330140113830566","1","ft","TabDPT 6️⃣","2026-04-06T19:16:23.000Z","REG_IMAGE_KHAADI_CLOTHES","129","sweep-a100-1775499580-x7","finished"
"dpt_REG_IMAGE_KHAADI_CLOTHES_1","0.4675225019454956","1","all","TabDPT 6️⃣","2026-04-06T19:16:05.000Z","REG_IMAGE_KHAADI_CLOTHES","43","sweep-a100-1775494183-5","finished"
"dpt_REG_IMAGE_KHAADI_CLOTHES_0","0.6594526171684265","0","all","TabDPT 6️⃣","2026-04-06T19:14:59.000Z","REG_IMAGE_KHAADI_CLOTHES","58","sweep-a100-1775494183-5","finished"
"dpt_REG_IMAGE_HNM_FASHION_4","0.3235183644689922","4","ft","TabDPT 6️⃣","2026-04-06T19:14:34.000Z","REG_IMAGE_HNM_FASHION","968","sweep-a100-1775499743-x15","finished"
"dpt_REG_IMAGE_HNM_FASHION_4","0.3123252195292776","4","all","TabDPT 6️⃣","2026-04-06T19:14:12.000Z","REG_IMAGE_HNM_FASHION","767","sweep-a100-1775499680-x12","finished"
"dpt_REG_IMAGE_HNM_FASHION_3","0.2797215359762293","3","ft","TabDPT 6️⃣","2026-04-06T19:09:38.000Z","REG_IMAGE_HNM_FASHION","830","sweep-a100-1775494402-8","finished"
"dpt_REG_IMAGE_HNM_FASHION_2","0.27843451730970725","2","ft","TabDPT 6️⃣","2026-04-06T19:08:43.000Z","REG_IMAGE_HNM_FASHION","951","sweep-a100-1775496475-20","finished"
"dpt_REG_IMAGE_HNM_FASHION_1","0.2812914723582144","1","ft","TabDPT 6️⃣","2026-04-06T19:05:23.000Z","REG_IMAGE_HNM_FASHION","928","sweep-a100-1775499763-x16","finished"
"dpt_REG_IMAGE_HNM_FASHION_0","0.27824250238506787","0","ft","TabDPT 6️⃣","2026-04-06T19:02:34.000Z","REG_IMAGE_HNM_FASHION","841","sweep-a100-1775496435-18","finished"
"dpt_REG_IMAGE_HNM_FASHION_0","0.28361234736417607","0","all","TabDPT 6️⃣","2026-04-06T19:02:31.000Z","REG_IMAGE_HNM_FASHION","877","sweep-a100-1775499601-x8","finished"
"dpt_REG_IMAGE_AMAZON_PACKAGES_4","0.5525682678107551","4","all","TabDPT 6️⃣","2026-04-06T19:01:50.000Z","REG_IMAGE_AMAZON_PACKAGES","734","sweep-a100-1775499680-x12","finished"
"dpt_MUL_TEXT_DATA_SCIENTIST_SALARY_0","0.8489365671713359","0","ft","TabDPT 6️⃣","2026-04-06T19:00:44.000Z","MUL_TEXT_DATA_SCIENTIST_SALARY","2751","sweep-a100-1775496325-13","finished"
"dpt_MUL_TEXT_DATA_SCIENTIST_SALARY_0","0.8462260793218839","0","all","TabDPT 6️⃣","2026-04-06T18:55:19.000Z","MUL_TEXT_DATA_SCIENTIST_SALARY","340","sweep-a100-1775496394-16","finished"
"dpt_BIN_TEXT_KICKSTARTER_FUNDING_4","0.6904136029411764","4","ft","TabDPT 6️⃣","2026-04-06T18:54:33.000Z","BIN_TEXT_KICKSTARTER_FUNDING","1222","sweep-a100-1775494183-5","finished"
"dpt_BIN_TEXT_KICKSTARTER_FUNDING_4","0.6804526654411764","4","all","TabDPT 6️⃣","2026-04-06T18:54:04.000Z","BIN_TEXT_KICKSTARTER_FUNDING","363","sweep-a100-1775496494-21","finished"
"dpt_BIN_TEXT_KICKSTARTER_FUNDING_3","0.7104572610294119","3","ft","TabDPT 6️⃣","2026-04-06T18:52:10.000Z","BIN_TEXT_KICKSTARTER_FUNDING","1345","sweep-a100-1775499580-x7","finished"
"dpt_BIN_TEXT_KICKSTARTER_FUNDING_3","0.6938120404411764","3","all","TabDPT 6️⃣","2026-04-06T18:52:09.000Z","BIN_TEXT_KICKSTARTER_FUNDING","359","sweep-a100-1775494442-10","finished"
"dpt_BIN_TEXT_KICKSTARTER_FUNDING_2","0.71921875","2","ft","TabDPT 6️⃣","2026-04-06T18:49:28.000Z","BIN_TEXT_KICKSTARTER_FUNDING","1769","sweep-a100-1775499661-x11","finished"
"dpt_BIN_TEXT_KICKSTARTER_FUNDING_2","0.7166819852941178","2","all","TabDPT 6️⃣","2026-04-06T18:48:39.000Z","BIN_TEXT_KICKSTARTER_FUNDING","484","sweep-a100-1775499521-x4","finished"
"dpt_BIN_TEXT_KICKSTARTER_FUNDING_1","0.6909030330882352","1","ft","TabDPT 6️⃣","2026-04-06T18:46:59.000Z","BIN_TEXT_KICKSTARTER_FUNDING","1648","sweep-a100-1775499743-x15","finished"
"dpt_BIN_TEXT_KICKSTARTER_FUNDING_1","0.6819967830882354","1","all","TabDPT 6️⃣","2026-04-06T18:46:55.000Z","BIN_TEXT_KICKSTARTER_FUNDING","473","sweep-a100-1775496435-18","finished"
"dpt_BIN_TEXT_KICKSTARTER_FUNDING_0","0.7167865349264706","0","ft","TabDPT 6️⃣","2026-04-06T18:44:57.000Z","BIN_TEXT_KICKSTARTER_FUNDING","1221","sweep-a100-1775499763-x16","finished"
"dpt_BIN_TEXT_KICKSTARTER_FUNDING_0","0.7020588235294117","0","all","TabDPT 6️⃣","2026-04-06T18:44:26.000Z","BIN_TEXT_KICKSTARTER_FUNDING","470","sweep-a100-1775499559-x6","finished"
"dpt_BIN_TEXT_JIGSAW_TOXICITY_4","0.9254438799560047","4","ft","TabDPT 6️⃣","2026-04-06T18:43:35.000Z","BIN_TEXT_JIGSAW_TOXICITY","1125","sweep-a100-1775499601-x8","finished"
"dpt_BIN_TEXT_JIGSAW_TOXICITY_4","0.8313867211368914","4","all","TabDPT 6️⃣","2026-04-06T18:43:25.000Z","BIN_TEXT_JIGSAW_TOXICITY","303","sweep-a100-1775499501-x3","finished"
"dpt_BIN_TEXT_JIGSAW_TOXICITY_3","0.9376778575044956","3","ft","TabDPT 6️⃣","2026-04-06T18:41:28.000Z","BIN_TEXT_JIGSAW_TOXICITY","1059","sweep-a100-1775496325-13","finished"
"dpt_BIN_TEXT_JIGSAW_TOXICITY_3","0.8121737460500358","3","all","TabDPT 6️⃣","2026-04-06T18:41:13.000Z","BIN_TEXT_JIGSAW_TOXICITY","318","sweep-a100-1775499482-x2","finished"
"dpt_BIN_TEXT_JIGSAW_TOXICITY_2","0.9172209710365056","2","ft","TabDPT 6️⃣","2026-04-06T18:38:21.000Z","BIN_TEXT_JIGSAW_TOXICITY","1171","sweep-a100-1775496415-17","finished"
"dpt_BIN_TEXT_JIGSAW_TOXICITY_2","0.8099390701653311","2","all","TabDPT 6️⃣","2026-04-06T18:38:06.000Z","BIN_TEXT_JIGSAW_TOXICITY","196","sweep-a100-1775496325-13","finished"
"dpt_BIN_TEXT_JIGSAW_TOXICITY_1","0.9087972904554898","1","ft","TabDPT 6️⃣","2026-04-06T18:36:20.000Z","BIN_TEXT_JIGSAW_TOXICITY","1058","sweep-a100-1775496494-21","finished"
"dpt_BIN_TEXT_JIGSAW_TOXICITY_1","0.7835245028719077","1","all","TabDPT 6️⃣","2026-04-06T18:36:19.000Z","BIN_TEXT_JIGSAW_TOXICITY","319","sweep-a100-1775499462-x1","finished"
"dpt_BIN_TEXT_JIGSAW_TOXICITY_0","0.903057839696922","0","ft","TabDPT 6️⃣","2026-04-06T18:35:48.000Z","BIN_TEXT_JIGSAW_TOXICITY","1230","sweep-a100-1775496456-19","finished"
"dpt_BIN_TEXT_JIGSAW_TOXICITY_0","0.7692784441069154","0","all","TabDPT 6️⃣","2026-04-06T18:35:47.000Z","BIN_TEXT_JIGSAW_TOXICITY","197","sweep-a100-1775496512-22","finished"
"dpt_BIN_TEXT_FAKE_JOB_POSTING_4","0.930671405075188","4","ft","TabDPT 6️⃣","2026-04-06T18:31:58.000Z","BIN_TEXT_FAKE_JOB_POSTING","1735","sweep-a100-1775499540-x5","finished"
"dpt_BIN_TEXT_FAKE_JOB_POSTING_4","0.922594572368421","4","all","TabDPT 6️⃣","2026-04-06T18:31:45.000Z","BIN_TEXT_FAKE_JOB_POSTING","237","sweep-a100-1775496456-19","finished"
"dpt_BIN_TEXT_FAKE_JOB_POSTING_3","0.96632695018797","3","all","TabDPT 6️⃣","2026-04-06T18:29:53.000Z","BIN_TEXT_FAKE_JOB_POSTING","235","sweep-a100-1775499763-x16","finished"
"dpt_BIN_TEXT_FAKE_JOB_POSTING_2","0.9482935855263158","2","ft","TabDPT 6️⃣","2026-04-06T18:28:24.000Z","BIN_TEXT_FAKE_JOB_POSTING","1607","sweep-a100-1775496394-16","finished"
"dpt_BIN_TEXT_FAKE_JOB_POSTING_2","0.94827890037594","2","all","TabDPT 6️⃣","2026-04-06T18:26:13.000Z","BIN_TEXT_FAKE_JOB_POSTING","237","sweep-a100-1775496325-13","finished"
"dpt_BIN_TEXT_FAKE_JOB_POSTING_1","0.9348860432330828","1","all","TabDPT 6️⃣","2026-04-06T18:23:34.000Z","BIN_TEXT_FAKE_JOB_POSTING","372","sweep-a100-1775499763-x16","finished"
"dpt_BIN_TEXT_FAKE_JOB_POSTING_0","0.959718632518797","0","ft","TabDPT 6️⃣","2026-04-06T18:23:13.000Z","BIN_TEXT_FAKE_JOB_POSTING","1609","sweep-a100-1775494421-9","finished"
"dpt_BIN_TEXT_FAKE_JOB_POSTING_0","0.955092810150376","0","all","TabDPT 6️⃣","2026-04-06T18:23:11.000Z","BIN_TEXT_FAKE_JOB_POSTING","373","sweep-a100-1775499743-x15","finished"
"dpt_REG_IMAGE_PAINTING_PRICE_4","0.3729025354249197","4","ft","TabDPT 6️⃣","2026-04-06T18:20:13.000Z","REG_IMAGE_PAINTING_PRICE","1444","sweep-a100-1775499559-x6","finished"
"dpt_REG_IMAGE_PAINTING_PRICE_2","0.30234019958002456","2","ft","TabDPT 6️⃣","2026-04-06T18:19:13.000Z","REG_IMAGE_PAINTING_PRICE","1440","sweep-a100-1775499501-x3","finished"
"dpt_REG_IMAGE_PAINTING_PRICE_1","0.3485557823795655","1","all","TabDPT 6️⃣","2026-04-06T18:18:45.000Z","REG_IMAGE_PAINTING_PRICE","1046","sweep-a100-1775496494-21","finished"
"dpt_REG_IMAGE_MKPHOTO_BOTS_4","0.45096454133115305","4","ft","TabDPT 6️⃣","2026-04-06T18:17:53.000Z","REG_IMAGE_MKPHOTO_BOTS","624","sweep-a100-1775496394-16","finished"
"dpt_REG_IMAGE_MKPHOTO_BOTS_3","0.43948263763324413","3","ft","TabDPT 6️⃣","2026-04-06T18:17:22.000Z","REG_IMAGE_MKPHOTO_BOTS","752","sweep-a100-1775496531-23","finished"
"dpt_REG_IMAGE_MKPHOTO_BOTS_3","0.4419620822987629","3","all","TabDPT 6️⃣","2026-04-06T18:17:17.000Z","REG_IMAGE_MKPHOTO_BOTS","467","sweep-a100-1775496456-19","finished"
"dpt_REG_IMAGE_MKPHOTO_BOTS_0","0.42288272921407966","0","ft","TabDPT 6️⃣","2026-04-06T18:15:41.000Z","REG_IMAGE_MKPHOTO_BOTS","627","sweep-a100-1775496325-13","finished"
"dpt_REG_IMAGE_MANGO_MASS_4","0.7080526882932857","4","ft","TabDPT 6️⃣","2026-04-06T18:15:10.000Z","REG_IMAGE_MANGO_MASS","123","sweep-a100-1775496456-19","finished"
"dpt_REG_IMAGE_MANGO_MASS_3","0.5886783690804704","3","all","TabDPT 6️⃣","2026-04-06T18:14:30.000Z","REG_IMAGE_MANGO_MASS","41","sweep-a100-1775496435-18","finished"
"dpt_REG_IMAGE_MANGO_MASS_2","0.611530024056045","2","ft","TabDPT 6️⃣","2026-04-06T18:14:05.000Z","REG_IMAGE_MANGO_MASS","91","sweep-a100-1775496325-13","finished"
"dpt_REG_IMAGE_MANGO_MASS_2","0.5947981575621857","2","all","TabDPT 6️⃣","2026-04-06T18:14:04.000Z","REG_IMAGE_MANGO_MASS","41","sweep-a100-1775496456-19","finished"
"dpt_REG_IMAGE_MANGO_MASS_1","0.6872468553399109","1","ft","TabDPT 6️⃣","2026-04-06T18:13:36.000Z","REG_IMAGE_MANGO_MASS","124","sweep-a100-1775496494-21","finished"
"dpt_REG_IMAGE_LETTERBOXD_MOVIES_2","0.37719542690503594","2","all","TabDPT 6️⃣","2026-04-06T18:10:25.000Z","REG_IMAGE_LETTERBOXD_MOVIES","672","sweep-a100-1775497803-r2","finished"
"dpt_REG_IMAGE_LETTERBOXD_MOVIES_2","0.3849508230673576","2","ft","TabDPT 6️⃣","2026-04-06T18:10:25.000Z","REG_IMAGE_LETTERBOXD_MOVIES","763","sweep-a100-1775494442-10","finished"
"dpt_REG_IMAGE_LETTERBOXD_MOVIES_1","0.3700200546400757","1","ft","TabDPT 6️⃣","2026-04-06T18:10:05.000Z","REG_IMAGE_LETTERBOXD_MOVIES","759","sweep-a100-1775494480-12","finished"
"dpt_REG_IMAGE_KHAADI_CLOTHES_4","0.6738886833190918","4","ft","TabDPT 6️⃣","2026-04-06T18:08:27.000Z","REG_IMAGE_KHAADI_CLOTHES","160","sweep-a100-1775496531-23","finished"
"dpt_REG_IMAGE_KHAADI_CLOTHES_3","0.6097599864006042","3","ft","TabDPT 6️⃣","2026-04-06T18:08:02.000Z","REG_IMAGE_KHAADI_CLOTHES","137","sweep-a100-1775497803-r2","finished"
"dpt_REG_IMAGE_KHAADI_CLOTHES_0","0.6771796941757202","0","ft","TabDPT 6️⃣","2026-04-06T18:05:57.000Z","REG_IMAGE_KHAADI_CLOTHES","133","sweep-a100-1775494442-10","finished"
"dpt_REG_IMAGE_HNM_FASHION_1","0.2922753221222224","1","all","TabDPT 6️⃣","2026-04-06T18:02:27.000Z","REG_IMAGE_HNM_FASHION","822","sweep-a100-1775496415-17","finished"
"dpt_REG_IMAGE_AMAZON_PACKAGES_4","0.5799410464245716","4","ft","TabDPT 6️⃣","2026-04-06T18:01:33.000Z","REG_IMAGE_AMAZON_PACKAGES","1027","sweep-a100-1775494183-5","finished"
"dpt_REG_IMAGE_AMAZON_PACKAGES_3","0.6383440520340722","3","ft","TabDPT 6️⃣","2026-04-06T18:00:50.000Z","REG_IMAGE_AMAZON_PACKAGES","1045","sweep-a100-1775494402-8","finished"
"dpt_REG_IMAGE_AMAZON_PACKAGES_2","0.644035082771644","2","ft","TabDPT 6️⃣","2026-04-06T18:00:04.000Z","REG_IMAGE_AMAZON_PACKAGES","1059","sweep-a100-1775496394-16","finished"
"dpt_REG_IMAGE_AMAZON_PACKAGES_2","0.6022578784774859","2","all","TabDPT 6️⃣","2026-04-06T18:00:03.000Z","REG_IMAGE_AMAZON_PACKAGES","861","sweep-a100-1775496435-18","finished"
"dpt_REG_IMAGE_AMAZON_PACKAGES_1","0.4881725486025219","1","all","TabDPT 6️⃣","2026-04-06T17:59:41.000Z","REG_IMAGE_AMAZON_PACKAGES","852","sweep-a100-1775496456-19","finished"
"dpt_REG_IMAGE_AMAZON_PACKAGES_0","0.5873755093174016","0","all","TabDPT 6️⃣","2026-04-06T17:59:22.000Z","REG_IMAGE_AMAZON_PACKAGES","852","sweep-a100-1775496325-13","finished"
"dpt_MUL_IMAGE_ZOOSCAN_ZOOPLANKTON_4","0.9869553001042948","4","ft","TabDPT 6️⃣","2026-04-06T17:58:54.000Z","MUL_IMAGE_ZOOSCAN_ZOOPLANKTON","417","sweep-a100-1775497803-r2","finished"
"dpt_MUL_IMAGE_ZOOSCAN_ZOOPLANKTON_4","0.9849653165577392","4","all","TabDPT 6️⃣","2026-04-06T17:58:48.000Z","MUL_IMAGE_ZOOSCAN_ZOOPLANKTON","148","sweep-a100-1775494480-12","finished"
"dpt_MUL_IMAGE_ZOOSCAN_ZOOPLANKTON_2","0.990036878723188","2","ft","TabDPT 6️⃣","2026-04-06T17:57:19.000Z","MUL_IMAGE_ZOOSCAN_ZOOPLANKTON","317","sweep-a100-1775494421-9","finished"
"dpt_MUL_IMAGE_ZOOSCAN_ZOOPLANKTON_1","0.98631254920503","1","ft","TabDPT 6️⃣","2026-04-06T17:56:39.000Z","MUL_IMAGE_ZOOSCAN_ZOOPLANKTON","3919","sweep-a100-1775494402-8","finished"
"dpt_MUL_IMAGE_ZOOSCAN_ZOOPLANKTON_1","0.987102221512552","1","all","TabDPT 6️⃣","2026-04-06T17:56:24.000Z","MUL_IMAGE_ZOOSCAN_ZOOPLANKTON","3775","sweep-a100-1775499521-x4","finished"
"dpt_MUL_IMAGE_ZOOSCAN_ZOOPLANKTON_0","0.9906041071681694","0","ft","TabDPT 6️⃣","2026-04-06T17:55:53.000Z","MUL_IMAGE_ZOOSCAN_ZOOPLANKTON","3881","sweep-a100-1775496456-19","finished"
"dpt_MUL_IMAGE_ZOOSCAN_ZOOPLANKTON_0","0.9859047899451736","0","all","TabDPT 6️⃣","2026-04-06T17:55:37.000Z","MUL_IMAGE_ZOOSCAN_ZOOPLANKTON","3899","sweep-a100-1775499701-x13","finished"
"dpt_MUL_IMAGE_PETFINDER_4","0.8370076220726516","4","ft","TabDPT 6️⃣","2026-04-06T17:55:06.000Z","MUL_IMAGE_PETFINDER","4136","sweep-a100-1775496512-22","finished"
"dpt_MUL_IMAGE_PETFINDER_4","0.8269256931238094","4","all","TabDPT 6️⃣","2026-04-06T17:55:00.000Z","MUL_IMAGE_PETFINDER","525","sweep-a100-1775496494-21","finished"
"dpt_MUL_IMAGE_PETFINDER_3","0.8447216558767123","3","ft","TabDPT 6️⃣","2026-04-06T17:53:37.000Z","MUL_IMAGE_PETFINDER","526","sweep-a100-1775496415-17","finished"
"dpt_MUL_IMAGE_PETFINDER_3","0.8350488258094352","3","all","TabDPT 6️⃣","2026-04-06T17:52:59.000Z","MUL_IMAGE_PETFINDER","386","sweep-a100-1775494442-10","finished"
"dpt_MUL_IMAGE_PETFINDER_2","0.834893555172947","2","ft","TabDPT 6️⃣","2026-04-06T17:52:01.000Z","MUL_IMAGE_PETFINDER","524","sweep-a100-1775494402-8","finished"
"dpt_MUL_IMAGE_PETFINDER_2","0.8249095043782301","2","all","TabDPT 6️⃣","2026-04-06T17:51:04.000Z","MUL_IMAGE_PETFINDER","509","sweep-a100-1775496512-22","finished"
"dpt_MUL_IMAGE_PETFINDER_1","0.8410317091033848","1","ft","TabDPT 6️⃣","2026-04-06T17:49:58.000Z","MUL_IMAGE_PETFINDER","521","sweep-a100-1775494480-12","finished"
"dpt_MUL_IMAGE_PETFINDER_1","0.8274367614089522","1","all","TabDPT 6️⃣","2026-04-06T17:48:55.000Z","MUL_IMAGE_PETFINDER","394","sweep-a100-1775496456-19","finished"
"dpt_MUL_IMAGE_PETFINDER_0","0.8286792693232528","0","ft","TabDPT 6️⃣","2026-04-06T17:48:00.000Z","MUL_IMAGE_PETFINDER","530","sweep-a100-1775494183-5","finished"
"dpt_MUL_IMAGE_PETFINDER_0","0.825895603824016","0","all","TabDPT 6️⃣","2026-04-06T17:45:16.000Z","MUL_IMAGE_PETFINDER","398","sweep-a100-1775494402-8","finished"
"dpt_MUL_IMAGE_JUSTIN_INSTAGRAM_4","0.9762316968783296","4","ft","TabDPT 6️⃣","2026-04-06T17:43:12.000Z","MUL_IMAGE_JUSTIN_INSTAGRAM","1133","sweep-a100-1775496475-20","finished"
"dpt_MUL_IMAGE_JUSTIN_INSTAGRAM_4","0.9606631638941088","4","all","TabDPT 6️⃣","2026-04-06T17:42:26.000Z","MUL_IMAGE_JUSTIN_INSTAGRAM","664","sweep-a100-1775496415-17","finished"
"dpt_MUL_IMAGE_JUSTIN_INSTAGRAM_3","0.984111008082886","3","ft","TabDPT 6️⃣","2026-04-06T17:41:18.000Z","MUL_IMAGE_JUSTIN_INSTAGRAM","1075","sweep-a100-1775496325-13","finished"
"dpt_MUL_IMAGE_JUSTIN_INSTAGRAM_3","0.949728637473773","3","all","TabDPT 6️⃣","2026-04-06T17:41:04.000Z","MUL_IMAGE_JUSTIN_INSTAGRAM","594","sweep-a100-1775496512-22","finished"
"dpt_MUL_IMAGE_JUSTIN_INSTAGRAM_2","0.9639739945992069","2","all","TabDPT 6️⃣","2026-04-06T17:37:39.000Z","MUL_IMAGE_JUSTIN_INSTAGRAM","668","sweep-a100-1775496456-19","finished"
"dpt_MUL_IMAGE_JUSTIN_INSTAGRAM_1","0.9449469040492786","1","all","TabDPT 6️⃣","2026-04-06T17:33:09.000Z","MUL_IMAGE_JUSTIN_INSTAGRAM","663","sweep-a100-1775494480-12","finished"
"dpt_MUL_IMAGE_JUSTIN_INSTAGRAM_0","0.9642856811744628","0","ft","TabDPT 6️⃣","2026-04-06T17:29:42.000Z","MUL_IMAGE_JUSTIN_INSTAGRAM","1110","sweep-a100-1775496531-23","finished"
"dpt_MUL_IMAGE_JUSTIN_INSTAGRAM_0","0.9427023652963904","0","all","TabDPT 6️⃣","2026-04-06T17:29:27.000Z","MUL_IMAGE_JUSTIN_INSTAGRAM","690","sweep-a100-1775496512-22","finished"
"dpt_MUL_IMAGE_HUBMAP_HPA_4","0.9710149645419408","4","ft","TabDPT 6️⃣","2026-04-06T17:28:44.000Z","MUL_IMAGE_HUBMAP_HPA","856","sweep-a100-1775496475-20","finished"
"dpt_MUL_IMAGE_HUBMAP_HPA_4","0.956812321493284","4","all","TabDPT 6️⃣","2026-04-06T17:28:28.000Z","MUL_IMAGE_HUBMAP_HPA","539","sweep-a100-1775496456-19","finished"
"dpt_MUL_IMAGE_HUBMAP_HPA_3","0.9708680105753724","3","ft","TabDPT 6️⃣","2026-04-06T17:27:49.000Z","MUL_IMAGE_HUBMAP_HPA","865","sweep-a100-1775496415-17","finished"
"dpt_MUL_IMAGE_HUBMAP_HPA_3","0.9560645923432692","3","all","TabDPT 6️⃣","2026-04-06T17:27:26.000Z","MUL_IMAGE_HUBMAP_HPA","540","sweep-a100-1775496394-16","finished"
"dpt_MUL_IMAGE_HUBMAP_HPA_2","0.9716485045303588","2","ft","TabDPT 6️⃣","2026-04-06T17:26:20.000Z","MUL_IMAGE_HUBMAP_HPA","888","sweep-a100-1775496325-13","finished"
"dpt_MUL_IMAGE_HUBMAP_HPA_2","0.9615333579189164","2","all","TabDPT 6️⃣","2026-04-06T17:26:18.000Z","MUL_IMAGE_HUBMAP_HPA","358","sweep-a100-1775494421-9","finished"
"dpt_MUL_IMAGE_HUBMAP_HPA_1","0.956832823547352","1","all","TabDPT 6️⃣","2026-04-06T17:21:58.000Z","MUL_IMAGE_HUBMAP_HPA","357","sweep-a100-1775494480-12","finished"
"dpt_MUL_IMAGE_GLAUCOMA_SMDG_4","0.9139431710914492","4","ft","TabDPT 6️⃣","2026-04-06T17:14:44.000Z","MUL_IMAGE_GLAUCOMA_SMDG","524","sweep-a100-1775494402-8","finished"
"dpt_MUL_IMAGE_GLAUCOMA_SMDG_3","0.9496276481595748","3","ft","TabDPT 6️⃣","2026-04-06T17:12:05.000Z","MUL_IMAGE_GLAUCOMA_SMDG","542","sweep-a100-1775494183-5","finished"
"dpt_MUL_IMAGE_GLAUCOMA_SMDG_2","0.9479835098211904","2","ft","TabDPT 6️⃣","2026-04-06T17:08:33.000Z","MUL_IMAGE_GLAUCOMA_SMDG","632","sweep-a100-1775494442-10","finished"
"dpt_MUL_IMAGE_GLAUCOMA_SMDG_1","0.9304053952693616","1","all","TabDPT 6️⃣","2026-04-06T17:07:22.000Z","MUL_IMAGE_GLAUCOMA_SMDG","296","sweep-a100-1775494421-9","finished"
"dpt_MUL_IMAGE_GLAUCOMA_SMDG_0","0.9356153586134064","0","all","TabDPT 6️⃣","2026-04-06T17:07:02.000Z","MUL_IMAGE_GLAUCOMA_SMDG","295","sweep-a100-1775494183-5","finished"
"dpt_MUL_IMAGE_FLOWER_BOUQUETS_4","0.6462893437039385","4","ft","TabDPT 6️⃣","2026-04-06T17:06:42.000Z","MUL_IMAGE_FLOWER_BOUQUETS","105","sweep-a100-1775494442-10","finished"
"dpt_MUL_IMAGE_FLOWER_BOUQUETS_4","0.6211260980264032","4","all","TabDPT 6️⃣","2026-04-06T17:06:30.000Z","MUL_IMAGE_FLOWER_BOUQUETS","53","sweep-a100-1775494460-11","finished"
"dpt_MUL_IMAGE_FLOWER_BOUQUETS_3","0.6612024131036062","3","ft","TabDPT 6️⃣","2026-04-06T17:05:59.000Z","MUL_IMAGE_FLOWER_BOUQUETS","98","sweep-a100-1775493801-3","finished"
"dpt_MUL_IMAGE_FLOWER_BOUQUETS_3","0.7067798574375433","3","all","TabDPT 6️⃣","2026-04-06T17:05:59.000Z","MUL_IMAGE_FLOWER_BOUQUETS","54","sweep-a100-1775493685-1","finished"
"dpt_MUL_IMAGE_FLOWER_BOUQUETS_2","0.7351045835048333","2","ft","TabDPT 6️⃣","2026-04-06T17:05:51.000Z","MUL_IMAGE_FLOWER_BOUQUETS","85","sweep-a100-1775494421-9","finished"
"dpt_MUL_IMAGE_FLOWER_BOUQUETS_2","0.7480336357870764","2","all","TabDPT 6️⃣","2026-04-06T17:05:50.000Z","MUL_IMAGE_FLOWER_BOUQUETS","56","sweep-a100-1775493782-2","finished"
"dpt_MUL_IMAGE_FLOWER_BOUQUETS_1","0.6773023062932053","1","ft","TabDPT 6️⃣","2026-04-06T17:05:11.000Z","MUL_IMAGE_FLOWER_BOUQUETS","105","sweep-a100-1775494183-5","finished"
"dpt_MUL_IMAGE_FLOWER_BOUQUETS_1","0.6797113386921378","1","all","TabDPT 6️⃣","2026-04-06T17:04:48.000Z","MUL_IMAGE_FLOWER_BOUQUETS","57","sweep-a100-1775494402-8","finished"
"dpt_MUL_IMAGE_FLOWER_BOUQUETS_0","0.6970170002039314","0","ft","TabDPT 6️⃣","2026-04-06T17:04:25.000Z","MUL_IMAGE_FLOWER_BOUQUETS","94","sweep-a100-1775494442-10","finished"
"dpt_MUL_IMAGE_FLOWER_BOUQUETS_0","0.6582241329979676","0","all","TabDPT 6️⃣","2026-04-06T17:04:23.000Z","MUL_IMAGE_FLOWER_BOUQUETS","55","sweep-a100-1775493801-3","finished"
"dpt_MUL_IMAGE_CSGO_SKIN_PRICE_4","0.8693345493236053","4","ft","TabDPT 6️⃣","2026-04-06T17:04:01.000Z","MUL_IMAGE_CSGO_SKIN_PRICE","178","sweep-agent-1775492004-1","finished"
"dpt_MUL_IMAGE_CSGO_SKIN_PRICE_4","0.8861641586867306","4","all","TabDPT 6️⃣","2026-04-06T17:03:47.000Z","MUL_IMAGE_CSGO_SKIN_PRICE","47","sweep-agent-1775492073-6","finished"
"dpt_MUL_IMAGE_CSGO_SKIN_PRICE_3","0.8787295941632467","3","ft","TabDPT 6️⃣","2026-04-06T17:03:18.000Z","MUL_IMAGE_CSGO_SKIN_PRICE","150","sweep-a100-1775494460-11","finished"
"dpt_MUL_IMAGE_CSGO_SKIN_PRICE_3","0.9015412676698586","3","all","TabDPT 6️⃣","2026-04-06T17:03:09.000Z","MUL_IMAGE_CSGO_SKIN_PRICE","60","sweep-a100-1775494421-9","finished"
"dpt_MUL_IMAGE_CSGO_SKIN_PRICE_2","0.8893093175254597","2","all","TabDPT 6️⃣","2026-04-06T17:02:35.000Z","MUL_IMAGE_CSGO_SKIN_PRICE","65","sweep-agent-1775492073-6","finished"
"dpt_MUL_IMAGE_CSGO_SKIN_PRICE_1","0.8565961392308861","1","ft","TabDPT 6️⃣","2026-04-06T17:01:49.000Z","MUL_IMAGE_CSGO_SKIN_PRICE","159","sweep-a100-1775494183-5","finished"
"dpt_MUL_IMAGE_CSGO_SKIN_PRICE_1","0.8849466484268126","1","all","TabDPT 6️⃣","2026-04-06T17:01:26.000Z","MUL_IMAGE_CSGO_SKIN_PRICE","66","sweep-a100-1775494365-6","finished"
"dpt_MUL_IMAGE_CSGO_SKIN_PRICE_0","0.9058370573035416","0","ft","TabDPT 6️⃣","2026-04-06T17:00:53.000Z","MUL_IMAGE_CSGO_SKIN_PRICE","183","sweep-agent-1775492004-1","finished"
"dpt_MUL_IMAGE_CSGO_SKIN_PRICE_0","0.912984040127679","0","all","TabDPT 6️⃣","2026-04-06T17:00:39.000Z","MUL_IMAGE_CSGO_SKIN_PRICE","3649","sweep-a100-1775494183-5","finished"
"dpt_MUL_IMAGE_CHEXPERT_4","0.807726463834816","4","ft","TabDPT 6️⃣","2026-04-06T17:00:00.000Z","MUL_IMAGE_CHEXPERT","425","sweep-a100-1775494480-12","finished"
"dpt_MUL_IMAGE_CHEXPERT_4","0.780473913425856","4","all","TabDPT 6️⃣","2026-04-06T16:59:15.000Z","MUL_IMAGE_CHEXPERT","299","sweep-a100-1775493801-3","finished"
"dpt_MUL_IMAGE_CHEXPERT_3","0.8112822311055382","3","ft","TabDPT 6️⃣","2026-04-06T16:58:36.000Z","MUL_IMAGE_CHEXPERT","424","sweep-a100-1775493782-2","finished"
"dpt_MUL_IMAGE_CHEXPERT_3","0.7826396458944881","3","all","TabDPT 6️⃣","2026-04-06T16:58:21.000Z","MUL_IMAGE_CHEXPERT","277","sweep-a100-1775494421-9","finished"
"dpt_MUL_IMAGE_CHEXPERT_2","0.7789100573372596","2","all","TabDPT 6️⃣","2026-04-06T16:56:27.000Z","MUL_IMAGE_CHEXPERT","277","sweep-a100-1775494402-8","finished"
"dpt_MUL_IMAGE_CHEXPERT_1","0.8151213533604716","1","ft","TabDPT 6️⃣","2026-04-06T16:55:14.000Z","MUL_IMAGE_CHEXPERT","435","sweep-a100-1775494460-11","finished"
"dpt_MUL_IMAGE_CHEXPERT_1","0.7691091419142705","1","all","TabDPT 6️⃣","2026-04-06T16:54:54.000Z","MUL_IMAGE_CHEXPERT","309","sweep-a100-1775494442-10","finished"
"dpt_MUL_IMAGE_CHEXPERT_0","0.8179810549477754","0","ft","TabDPT 6️⃣","2026-04-06T16:54:09.000Z","MUL_IMAGE_CHEXPERT","411","sweep-a100-1775494183-5","finished"
"dpt_MUL_IMAGE_CHEXPERT_0","0.7749291527341148","0","all","TabDPT 6️⃣","2026-04-06T16:53:52.000Z","MUL_IMAGE_CHEXPERT","310","sweep-a100-1775494383-7","finished"
"dpt_MUL_IMAGE_CBIS_DDSM_4","0.9095058579854092","4","ft","TabDPT 6️⃣","2026-04-06T16:51:47.000Z","MUL_IMAGE_CBIS_DDSM","711","sweep-a100-1775493685-1","finished"
"dpt_MUL_IMAGE_CBIS_DDSM_4","0.8866105482770468","4","all","TabDPT 6️⃣","2026-04-06T16:51:36.000Z","MUL_IMAGE_CBIS_DDSM","452","sweep-a100-1775493801-3","finished"
"dpt_MUL_IMAGE_CBIS_DDSM_3","0.9257959328223572","3","ft","TabDPT 6️⃣","2026-04-06T16:47:15.000Z","MUL_IMAGE_CBIS_DDSM","761","sweep-agent-1775492004-1","finished"
"dpt_MUL_IMAGE_CBIS_DDSM_2","0.9061975620097668","2","ft","TabDPT 6️⃣","2026-04-06T16:43:54.000Z","MUL_IMAGE_CBIS_DDSM","758","sweep-a100-1775493782-2","finished"
"dpt_MUL_IMAGE_CBIS_DDSM_2","0.8802732623175515","2","all","TabDPT 6️⃣","2026-04-06T16:43:17.000Z","MUL_IMAGE_CBIS_DDSM","501","sweep-a100-1775493685-1","finished"
"dpt_MUL_IMAGE_CBIS_DDSM_1","0.9190377232331892","1","ft","TabDPT 6️⃣","2026-04-06T16:38:30.000Z","MUL_IMAGE_CBIS_DDSM","732","sweep-agent-1775492073-6","finished"
"dpt_MUL_IMAGE_CBIS_DDSM_1","0.8921588412477226","1","all","TabDPT 6️⃣","2026-04-06T16:35:32.000Z","MUL_IMAGE_CBIS_DDSM","449","sweep-agent-1775492099-8","finished"
"dpt_MUL_IMAGE_CBIS_DDSM_0","0.9062686881426032","0","ft","TabDPT 6️⃣","2026-04-06T16:31:04.000Z","MUL_IMAGE_CBIS_DDSM","796","sweep-agent-1775492059-5","finished"
"dpt_MUL_IMAGE_CBIS_DDSM_0","0.8729324303364434","0","all","TabDPT 6️⃣","2026-04-06T16:30:07.000Z","MUL_IMAGE_CBIS_DDSM","497","sweep-agent-1775492073-6","finished"
"dpt_BIN_IMAGE_HATEFUL_MEME_3","0.7589272014433786","3","all","TabDPT 6️⃣","2026-04-06T16:01:18.000Z","BIN_IMAGE_HATEFUL_MEME","454","sweep-agent-1775486846-5","finished"
"dpt_BIN_IMAGE_HATEFUL_MEME_2","0.7841651631472849","2","all","TabDPT 6️⃣","2026-04-06T15:51:12.000Z","BIN_IMAGE_HATEFUL_MEME","456","sweep-agent-1775486846-5","finished"
"dpt_BIN_IMAGE_CELEB_ATTRACTIVENESS_4","0.9093340377059465","4","all","TabDPT 6️⃣","2026-04-06T14:53:54.000Z","BIN_IMAGE_CELEB_ATTRACTIVENESS","237","sweep-agent-1775486872-7","finished"
"dpt_BIN_IMAGE_CELEB_ATTRACTIVENESS_3","0.8992877232055757","3","all","TabDPT 6️⃣","2026-04-06T14:50:53.000Z","BIN_IMAGE_CELEB_ATTRACTIVENESS","240","sweep-agent-1775486858-6","finished"
"dpt_BIN_IMAGE_CELEB_ATTRACTIVENESS_2","0.9034099038391308","2","all","TabDPT 6️⃣","2026-04-06T14:49:55.000Z","BIN_IMAGE_CELEB_ATTRACTIVENESS","237","sweep-agent-1775486872-7","finished"